zip_code,county_name,pct_area_100yr_flood,pct_area_coastal_surge,est_flood_risk_tier
77001,Harris,1.0,0.0,X
77002,Harris,1.0,0.0,X
77003,Harris,1.0,0.0,X
77004,Harris,1.0,0.0,X
77005,Harris,1.0,0.0,X
77006,Harris,1.0,0.0,X
77007,Harris,1.0,0.0,X
77008,Harris,1.0,0.0,X
77009,Harris,1.0,0.0,X
77010,Harris,1.0,0.0,X
77011,Harris,1.0,0.0,X
77012,Harris,1.0,0.0,X
77013,Harris,1.0,0.0,X
77014,Harris,1.0,0.0,X
77015,Harris,15.0,0.0,AE
77016,Harris,1.0,0.0,X
77017,Harris,1.0,0.0,X
77018,Harris,1.0,0.0,X
77019,Harris,1.0,0.0,X
77020,Harris,1.0,0.0,X
77021,Harris,1.0,0.0,X
77022,Harris,1.0,0.0,X
77023,Harris,1.0,0.0,X
77024,Harris,15.0,0.0,AE
77025,Harris,1.0,0.0,X
77026,Harris,1.0,0.0,X
77027,Harris,1.0,0.0,X
77028,Harris,1.0,0.0,X
77029,Harris,1.0,0.0,X
77030,Harris,1.0,0.0,X
77031,Harris,1.0,0.0,X
77032,Harris,1.0,0.0,X
77033,Harris,1.0,0.0,X
77034,Harris,1.0,0.0,X
77035,Harris,1.0,0.0,X
77036,Harris,1.0,0.0,X
77037,Harris,1.0,0.0,X
77038,Harris,1.0,0.0,X
77039,Harris,1.0,0.0,X
77040,Harris,1.0,0.0,X
77041,Harris,1.0,0.0,X
77042,Harris,15.0,0.0,AE
77043,Harris,1.0,0.0,X
77044,Harris,15.0,0.0,AE
77045,Harris,1.0,0.0,X
77046,Harris,1.0,0.0,X
77047,Harris,1.0,0.0,X
77048,Harris,1.0,0.0,X
77049,Harris,15.0,0.0,AE
77050,Harris,1.0,0.0,X
77051,Harris,1.0,0.0,X
77052,Harris,1.0,0.0,X
77053,Fort Bend,1.0,0.0,X
77054,Harris,1.0,0.0,X
77055,Harris,1.0,0.0,X
77056,Harris,1.0,0.0,X
77057,Harris,1.0,0.0,X
77058,Harris,1.0,0.0,X
77059,Harris,1.0,0.0,X
77060,Harris,1.0,0.0,X
77061,Harris,1.0,0.0,X
77062,Harris,1.0,0.0,X
77063,Harris,1.0,0.0,X
77064,Harris,1.0,0.0,X
77065,Harris,1.0,0.0,X
77066,Harris,1.0,0.0,X
77067,Harris,1.0,0.0,X
77068,Harris,1.0,0.0,X
77069,Harris,1.0,0.0,X
77070,Harris,15.0,0.0,AE
77071,Harris,1.0,0.0,X
77072,Harris,1.0,0.0,X
77073,Harris,1.0,0.0,X
77074,Harris,1.0,0.0,X
77075,Harris,1.0,0.0,X
77076,Harris,1.0,0.0,X
77077,Harris,15.0,0.0,AE
77078,Harris,1.0,0.0,X
77079,Harris,15.0,0.0,AE
77080,Harris,15.0,0.0,AE
77081,Harris,1.0,0.0,X
77082,Harris,1.0,0.0,X
77083,Harris,1.0,0.0,X
77084,Harris,15.0,0.0,AE
77085,Harris,1.0,0.0,X
77086,Harris,1.0,0.0,X
77087,Harris,1.0,0.0,X
77088,Harris,15.0,0.0,AE
77089,Harris,15.0,0.0,AE
77090,Harris,15.0,0.0,AE
77091,Harris,1.0,0.0,X
77092,Harris,1.0,0.0,X
77093,Harris,1.0,0.0,X
77094,Harris,1.0,0.0,X
77095,Harris,1.0,0.0,X
77096,Harris,15.0,0.0,AE
77098,Harris,1.0,0.0,X
77099,Harris,1.0,0.0,X
77204,Harris,1.0,0.0,X
77205,Harris,1.0,0.0,X
77206,Harris,1.0,0.0,X
77207,Harris,1.0,0.0,X
77208,Harris,1.0,0.0,X
77210,Harris,1.0,0.0,X
77215,Harris,1.0,0.0,X
77217,Harris,1.0,0.0,X
77218,Harris,1.0,0.0,X
77219,Harris,1.0,0.0,X
77220,Harris,1.0,0.0,X
77221,Harris,1.0,0.0,X
77222,Harris,1.0,0.0,X
77223,Harris,1.0,0.0,X
77224,Harris,1.0,0.0,X
77225,Harris,1.0,0.0,X
77226,Harris,1.0,0.0,X
77227,Harris,1.0,0.0,X
77228,Harris,1.0,0.0,X
77230,Harris,1.0,0.0,X
77231,Harris,1.0,0.0,X
77233,Harris,1.0,0.0,X
77234,Harris,1.0,0.0,X
77235,Harris,1.0,0.0,X
77236,Harris,1.0,0.0,X
77237,Harris,1.0,0.0,X
77238,Harris,1.0,0.0,X
77240,Harris,1.0,0.0,X
77241,Harris,1.0,0.0,X
77242,Harris,1.0,0.0,X
77243,Harris,1.0,0.0,X
77244,Harris,1.0,0.0,X
77245,Harris,1.0,0.0,X
77248,Harris,1.0,0.0,X
77249,Harris,1.0,0.0,X
77251,Harris,1.0,0.0,X
77252,Harris,1.0,0.0,X
77253,Harris,1.0,0.0,X
77254,Harris,1.0,0.0,X
77255,Harris,1.0,0.0,X
77256,Harris,1.0,0.0,X
77257,Harris,1.0,0.0,X
77258,Harris,1.0,0.0,X
77259,Harris,1.0,0.0,X
77261,Harris,1.0,0.0,X
77262,Harris,1.0,0.0,X
77263,Harris,1.0,0.0,X
77265,Harris,1.0,0.0,X
77266,Harris,1.0,0.0,X
77267,Harris,1.0,0.0,X
77268,Harris,1.0,0.0,X
77269,Harris,1.0,0.0,X
77270,Harris,1.0,0.0,X
77271,Harris,1.0,0.0,X
77272,Harris,1.0,0.0,X
77273,Harris,1.0,0.0,X
77274,Harris,1.0,0.0,X
77275,Harris,1.0,0.0,X
77277,Harris,1.0,0.0,X
77279,Harris,1.0,0.0,X
77280,Harris,1.0,0.0,X
77282,Harris,1.0,0.0,X
77284,Harris,1.0,0.0,X
77287,Harris,1.0,0.0,X
77288,Harris,1.0,0.0,X
77289,Harris,1.0,0.0,X
77290,Harris,1.0,0.0,X
77291,Harris,1.0,0.0,X
77292,Harris,1.0,0.0,X
77293,Harris,1.0,0.0,X
77315,Harris,1.0,0.0,X
77325,Harris,1.0,0.0,X
77336,Harris,1.0,0.0,X
77338,Harris,1.0,0.0,X
77339,Harris,1.0,0.0,X
77345,Harris,1.0,0.0,X
77346,Harris,1.0,0.0,X
77347,Harris,1.0,0.0,X
77357,Harris,1.0,0.0,X
77365,Harris,1.0,0.0,X
77373,Harris,15.0,0.0,AE
77375,Harris,1.0,0.0,X
77377,Harris,1.0,0.0,X
77379,Harris,15.0,0.0,AE
77383,Harris,1.0,0.0,X
77388,Harris,15.0,0.0,AE
77389,Harris,15.0,0.0,AE
77391,Harris,1.0,0.0,X
77396,Harris,1.0,0.0,X
77401,Harris,1.0,0.0,X
77402,Harris,1.0,0.0,X
77406,Fort Bend,15.0,0.0,AE
77407,Fort Bend,1.0,0.0,X
77410,Harris,1.0,0.0,X
77411,Harris,1.0,0.0,X
77413,Harris,1.0,0.0,X
77417,Fort Bend,1.0,0.0,X
77420,Fort Bend,1.0,0.0,X
77423,Fort Bend,1.0,0.0,X
77429,Harris,1.0,0.0,X
77430,Fort Bend,1.0,0.0,X
77433,Harris,1.0,0.0,X
77435,Fort Bend,1.0,0.0,X
77441,Fort Bend,1.0,0.0,X
77444,Fort Bend,1.0,0.0,X
77445,Harris,1.0,0.0,X
77447,Harris,1.0,0.0,X
77449,Harris,1.0,0.0,X
77450,Harris,1.0,0.0,X
77451,Fort Bend,1.0,0.0,X
77459,Fort Bend,15.0,0.0,AE
77461,Fort Bend,1.0,0.0,X
77464,Fort Bend,1.0,0.0,X
77469,Fort Bend,15.0,0.0,AE
77471,Fort Bend,15.0,0.0,AE
77476,Fort Bend,1.0,0.0,X
77477,Fort Bend,1.0,0.0,X
77478,Fort Bend,1.0,0.0,X
77479,Fort Bend,15.0,0.0,AE
77481,Fort Bend,1.0,0.0,X
77484,Harris,1.0,0.0,X
77485,Fort Bend,1.0,0.0,X
77487,Fort Bend,1.0,0.0,X
77489,Fort Bend,1.0,0.0,X
77491,Harris,1.0,0.0,X
77492,Harris,1.0,0.0,X
77493,Harris,1.0,0.0,X
77494,Fort Bend,1.0,0.0,X
77496,Fort Bend,1.0,0.0,X
77497,Fort Bend,1.0,0.0,X
77498,Fort Bend,1.0,0.0,X
77501,Harris,1.0,0.0,X
77502,Harris,1.0,0.0,X
77503,Harris,1.0,0.0,X
77504,Harris,1.0,0.0,X
77505,Harris,1.0,0.0,X
77506,Harris,1.0,0.0,X
77507,Harris,1.0,0.0,X
77508,Harris,1.0,0.0,X
77510,Galveston,1.0,0.0,X
77511,Galveston,15.0,0.0,AE
77517,Galveston,15.0,0.0,AE
77518,Galveston,42.0,18.5,VE
77520,Harris,42.0,18.5,VE
77521,Harris,1.0,0.0,X
77522,Harris,1.0,0.0,X
77523,Harris,1.0,0.0,X
77530,Harris,1.0,0.0,X
77532,Harris,1.0,0.0,X
77536,Harris,1.0,0.0,X
77539,Galveston,42.0,18.5,VE
77545,Fort Bend,1.0,0.0,X
77546,Galveston,15.0,0.0,AE
77547,Harris,1.0,0.0,X
77549,Galveston,1.0,0.0,X
77550,Galveston,42.0,18.5,VE
77551,Galveston,42.0,18.5,VE
77552,Galveston,42.0,18.5,VE
77553,Galveston,1.0,0.0,X
77554,Galveston,42.0,18.5,VE
77555,Galveston,1.0,0.0,X
77562,Harris,1.0,0.0,X
77563,Galveston,42.0,18.5,VE
77565,Galveston,15.0,0.0,AE
77568,Galveston,42.0,18.5,VE
77571,Harris,42.0,18.5,VE
77572,Harris,1.0,0.0,X
77573,Galveston,1.0,0.0,X
77574,Galveston,1.0,0.0,X
77581,Harris,1.0,0.0,X
77583,Fort Bend,1.0,0.0,X
77584,Fort Bend,1.0,0.0,X
77586,Harris,42.0,18.5,VE
77587,Harris,1.0,0.0,X
77590,Galveston,42.0,18.5,VE
77591,Galveston,42.0,18.5,VE
77592,Galveston,1.0,0.0,X
77598,Harris,1.0,0.0,X
77617,Galveston,1.0,0.0,X
77623,Galveston,1.0,0.0,X
77650,Galveston,1.0,0.0,X
