zip_code,county_fips,county_name,res_ratio,usda_thrifty_monthly_baseline,usda_low_cost_monthly_baseline,usda_moderate_monthly_baseline,usda_liberal_monthly_baseline,houston_cpi_food_scalar,adj_monthly_food_cost_moderate,twia_mandatory
77001,48201,Harris,1.0,920.4,1185.2,1468.9,1812.5,1.045,1535.0,0
77002,48201,Harris,1.0,920.4,1185.2,1468.9,1812.5,1.045,1535.0,0
77003,48201,Harris,1.0,920.4,1185.2,1468.9,1812.5,1.045,1535.0,0
77004,48201,Harris,1.0,920.4,1185.2,1468.9,1812.5,1.045,1535.0,0
77005,48201,Harris,1.0,920.4,1185.2,1468.9,1812.5,1.045,1535.0,0
77006,48201,Harris,1.0,920.4,1185.2,1468.9,1812.5,1.045,1535.0,0
77007,48201,Harris,1.0,920.4,1185.2,1468.9,1812.5,1.045,1535.0,0
77008,48201,Harris,1.0,920.4,1185.2,1468.9,1812.5,1.045,1535.0,0
77009,48201,Harris,1.0,920.4,1185.2,1468.9,1812.5,1.045,1535.0,0
77010,48201,Harris,1.0,920.4,1185.2,1468.9,1812.5,1.045,1535.0,0
77011,48201,Harris,1.0,920.4,1185.2,1468.9,1812.5,1.045,1535.0,0
77012,48201,Harris,1.0,920.4,1185.2,1468.9,1812.5,1.045,1535.0,0
77013,48201,Harris,1.0,920.4,1185.2,1468.9,1812.5,1.045,1535.0,0
77014,48201,Harris,1.0,920.4,1185.2,1468.9,1812.5,1.045,1535.0,0
77015,48201,Harris,1.0,920.4,1185.2,1468.9,1812.5,1.045,1535.0,0
77016,48201,Harris,1.0,920.4,1185.2,1468.9,1812.5,1.045,1535.0,0
77017,48201,Harris,1.0,920.4,1185.2,1468.9,1812.5,1.045,1535.0,0
77018,48201,Harris,1.0,920.4,1185.2,1468.9,1812.5,1.045,1535.0,0
77019,48201,Harris,1.0,920.4,1185.2,1468.9,1812.5,1.045,1535.0,0
77020,48201,Harris,1.0,920.4,1185.2,1468.9,1812.5,1.045,1535.0,0
77021,48201,Harris,1.0,920.4,1185.2,1468.9,1812.5,1.045,1535.0,0
77022,48201,Harris,1.0,920.4,1185.2,1468.9,1812.5,1.045,1535.0,0
77023,48201,Harris,1.0,920.4,1185.2,1468.9,1812.5,1.045,1535.0,0
77024,48201,Harris,1.0,920.4,1185.2,1468.9,1812.5,1.045,1535.0,0
77025,48201,Harris,1.0,920.4,1185.2,1468.9,1812.5,1.045,1535.0,0
77026,48201,Harris,1.0,920.4,1185.2,1468.9,1812.5,1.045,1535.0,0
77027,48201,Harris,1.0,920.4,1185.2,1468.9,1812.5,1.045,1535.0,0
77028,48201,Harris,1.0,920.4,1185.2,1468.9,1812.5,1.045,1535.0,0
77029,48201,Harris,1.0,920.4,1185.2,1468.9,1812.5,1.045,1535.0,0
77030,48201,Harris,1.0,920.4,1185.2,1468.9,1812.5,1.045,1535.0,0
77031,48201,Harris,0.99878048780488,920.4,1185.2,1468.9,1812.5,1.045,1535.0,0
77032,48201,Harris,1.0,920.4,1185.2,1468.9,1812.5,1.045,1535.0,0
77033,48201,Harris,1.0,920.4,1185.2,1468.9,1812.5,1.045,1535.0,0
77034,48201,Harris,1.0,920.4,1185.2,1468.9,1812.5,1.045,1535.0,0
77035,48201,Harris,1.0,920.4,1185.2,1468.9,1812.5,1.045,1535.0,0
77036,48201,Harris,1.0,920.4,1185.2,1468.9,1812.5,1.045,1535.0,0
77037,48201,Harris,1.0,920.4,1185.2,1468.9,1812.5,1.045,1535.0,0
77038,48201,Harris,1.0,920.4,1185.2,1468.9,1812.5,1.045,1535.0,0
77039,48201,Harris,1.0,920.4,1185.2,1468.9,1812.5,1.045,1535.0,0
77040,48201,Harris,1.0,920.4,1185.2,1468.9,1812.5,1.045,1535.0,0
77041,48201,Harris,1.0,920.4,1185.2,1468.9,1812.5,1.045,1535.0,0
77042,48201,Harris,1.0,920.4,1185.2,1468.9,1812.5,1.045,1535.0,0
77043,48201,Harris,1.0,920.4,1185.2,1468.9,1812.5,1.045,1535.0,0
77044,48201,Harris,1.0,920.4,1185.2,1468.9,1812.5,1.045,1535.0,0
77045,48201,Harris,1.0,920.4,1185.2,1468.9,1812.5,1.045,1535.0,0
77046,48201,Harris,1.0,920.4,1185.2,1468.9,1812.5,1.045,1535.0,0
77047,48201,Harris,1.0,920.4,1185.2,1468.9,1812.5,1.045,1535.0,0
77048,48201,Harris,1.0,920.4,1185.2,1468.9,1812.5,1.045,1535.0,0
77049,48201,Harris,1.0,920.4,1185.2,1468.9,1812.5,1.045,1535.0,0
77050,48201,Harris,1.0,920.4,1185.2,1468.9,1812.5,1.045,1535.0,0
77051,48201,Harris,1.0,920.4,1185.2,1468.9,1812.5,1.045,1535.0,0
77052,48201,Harris,1.0,920.4,1185.2,1468.9,1812.5,1.045,1535.0,0
77053,48157,Fort Bend,0.55384010227161,920.4,1185.2,1468.9,1812.5,1.045,1535.0,0
77054,48201,Harris,1.0,920.4,1185.2,1468.9,1812.5,1.045,1535.0,0
77055,48201,Harris,1.0,920.4,1185.2,1468.9,1812.5,1.045,1535.0,0
77056,48201,Harris,1.0,920.4,1185.2,1468.9,1812.5,1.045,1535.0,0
77057,48201,Harris,1.0,920.4,1185.2,1468.9,1812.5,1.045,1535.0,0
77058,48201,Harris,1.0,920.4,1185.2,1468.9,1812.5,1.045,1535.0,0
77059,48201,Harris,1.0,920.4,1185.2,1468.9,1812.5,1.045,1535.0,0
77060,48201,Harris,1.0,920.4,1185.2,1468.9,1812.5,1.045,1535.0,0
77061,48201,Harris,1.0,920.4,1185.2,1468.9,1812.5,1.045,1535.0,0
77062,48201,Harris,1.0,920.4,1185.2,1468.9,1812.5,1.045,1535.0,0
77063,48201,Harris,1.0,920.4,1185.2,1468.9,1812.5,1.045,1535.0,0
77064,48201,Harris,1.0,920.4,1185.2,1468.9,1812.5,1.045,1535.0,0
77065,48201,Harris,1.0,920.4,1185.2,1468.9,1812.5,1.045,1535.0,0
77066,48201,Harris,1.0,920.4,1185.2,1468.9,1812.5,1.045,1535.0,0
77067,48201,Harris,1.0,920.4,1185.2,1468.9,1812.5,1.045,1535.0,0
77068,48201,Harris,1.0,920.4,1185.2,1468.9,1812.5,1.045,1535.0,0
77069,48201,Harris,1.0,920.4,1185.2,1468.9,1812.5,1.045,1535.0,0
77070,48201,Harris,1.0,920.4,1185.2,1468.9,1812.5,1.045,1535.0,0
77071,48201,Harris,1.0,920.4,1185.2,1468.9,1812.5,1.045,1535.0,0
77072,48201,Harris,1.0,920.4,1185.2,1468.9,1812.5,1.045,1535.0,0
77073,48201,Harris,1.0,920.4,1185.2,1468.9,1812.5,1.045,1535.0,0
77074,48201,Harris,1.0,920.4,1185.2,1468.9,1812.5,1.045,1535.0,0
77075,48201,Harris,1.0,920.4,1185.2,1468.9,1812.5,1.045,1535.0,0
77076,48201,Harris,1.0,920.4,1185.2,1468.9,1812.5,1.045,1535.0,0
77077,48201,Harris,1.0,920.4,1185.2,1468.9,1812.5,1.045,1535.0,0
77078,48201,Harris,1.0,920.4,1185.2,1468.9,1812.5,1.045,1535.0,0
77079,48201,Harris,1.0,920.4,1185.2,1468.9,1812.5,1.045,1535.0,0
77080,48201,Harris,1.0,920.4,1185.2,1468.9,1812.5,1.045,1535.0,0
77081,48201,Harris,1.0,920.4,1185.2,1468.9,1812.5,1.045,1535.0,0
77082,48201,Harris,0.99935956450386,920.4,1185.2,1468.9,1812.5,1.045,1535.0,0
77083,48201,Harris,0.60214597735273,920.4,1185.2,1468.9,1812.5,1.045,1535.0,0
77084,48201,Harris,1.0,920.4,1185.2,1468.9,1812.5,1.045,1535.0,0
77085,48201,Harris,0.96362153344209,920.4,1185.2,1468.9,1812.5,1.045,1535.0,0
77086,48201,Harris,1.0,920.4,1185.2,1468.9,1812.5,1.045,1535.0,0
77087,48201,Harris,1.0,920.4,1185.2,1468.9,1812.5,1.045,1535.0,0
77088,48201,Harris,1.0,920.4,1185.2,1468.9,1812.5,1.045,1535.0,0
77089,48201,Harris,1.0,920.4,1185.2,1468.9,1812.5,1.045,1535.0,0
77090,48201,Harris,1.0,920.4,1185.2,1468.9,1812.5,1.045,1535.0,0
77091,48201,Harris,1.0,920.4,1185.2,1468.9,1812.5,1.045,1535.0,0
77092,48201,Harris,1.0,920.4,1185.2,1468.9,1812.5,1.045,1535.0,0
77093,48201,Harris,1.0,920.4,1185.2,1468.9,1812.5,1.045,1535.0,0
77094,48201,Harris,1.0,920.4,1185.2,1468.9,1812.5,1.045,1535.0,0
77095,48201,Harris,1.0,920.4,1185.2,1468.9,1812.5,1.045,1535.0,0
77096,48201,Harris,1.0,920.4,1185.2,1468.9,1812.5,1.045,1535.0,0
77098,48201,Harris,1.0,920.4,1185.2,1468.9,1812.5,1.045,1535.0,0
77099,48201,Harris,0.94822722495713,920.4,1185.2,1468.9,1812.5,1.045,1535.0,0
77204,48201,Harris,0.0,920.4,1185.2,1468.9,1812.5,1.045,1535.0,0
77205,48201,Harris,1.0,920.4,1185.2,1468.9,1812.5,1.045,1535.0,0
77206,48201,Harris,1.0,920.4,1185.2,1468.9,1812.5,1.045,1535.0,0
77207,48201,Harris,1.0,920.4,1185.2,1468.9,1812.5,1.045,1535.0,0
77208,48201,Harris,1.0,920.4,1185.2,1468.9,1812.5,1.045,1535.0,0
77210,48201,Harris,1.0,920.4,1185.2,1468.9,1812.5,1.045,1535.0,0
77215,48201,Harris,1.0,920.4,1185.2,1468.9,1812.5,1.045,1535.0,0
77217,48201,Harris,1.0,920.4,1185.2,1468.9,1812.5,1.045,1535.0,0
77218,48201,Harris,1.0,920.4,1185.2,1468.9,1812.5,1.045,1535.0,0
77219,48201,Harris,1.0,920.4,1185.2,1468.9,1812.5,1.045,1535.0,0
77220,48201,Harris,1.0,920.4,1185.2,1468.9,1812.5,1.045,1535.0,0
77221,48201,Harris,1.0,920.4,1185.2,1468.9,1812.5,1.045,1535.0,0
77222,48201,Harris,1.0,920.4,1185.2,1468.9,1812.5,1.045,1535.0,0
77223,48201,Harris,1.0,920.4,1185.2,1468.9,1812.5,1.045,1535.0,0
77224,48201,Harris,1.0,920.4,1185.2,1468.9,1812.5,1.045,1535.0,0
77225,48201,Harris,1.0,920.4,1185.2,1468.9,1812.5,1.045,1535.0,0
77226,48201,Harris,1.0,920.4,1185.2,1468.9,1812.5,1.045,1535.0,0
77227,48201,Harris,1.0,920.4,1185.2,1468.9,1812.5,1.045,1535.0,0
77228,48201,Harris,1.0,920.4,1185.2,1468.9,1812.5,1.045,1535.0,0
77230,48201,Harris,1.0,920.4,1185.2,1468.9,1812.5,1.045,1535.0,0
77231,48201,Harris,1.0,920.4,1185.2,1468.9,1812.5,1.045,1535.0,0
77233,48201,Harris,1.0,920.4,1185.2,1468.9,1812.5,1.045,1535.0,0
77234,48201,Harris,1.0,920.4,1185.2,1468.9,1812.5,1.045,1535.0,0
77235,48201,Harris,1.0,920.4,1185.2,1468.9,1812.5,1.045,1535.0,0
77236,48201,Harris,1.0,920.4,1185.2,1468.9,1812.5,1.045,1535.0,0
77237,48201,Harris,1.0,920.4,1185.2,1468.9,1812.5,1.045,1535.0,0
77238,48201,Harris,1.0,920.4,1185.2,1468.9,1812.5,1.045,1535.0,0
77240,48201,Harris,1.0,920.4,1185.2,1468.9,1812.5,1.045,1535.0,0
77241,48201,Harris,1.0,920.4,1185.2,1468.9,1812.5,1.045,1535.0,0
77242,48201,Harris,1.0,920.4,1185.2,1468.9,1812.5,1.045,1535.0,0
77243,48201,Harris,1.0,920.4,1185.2,1468.9,1812.5,1.045,1535.0,0
77244,48201,Harris,1.0,920.4,1185.2,1468.9,1812.5,1.045,1535.0,0
77245,48201,Harris,1.0,920.4,1185.2,1468.9,1812.5,1.045,1535.0,0
77248,48201,Harris,1.0,920.4,1185.2,1468.9,1812.5,1.045,1535.0,0
77249,48201,Harris,1.0,920.4,1185.2,1468.9,1812.5,1.045,1535.0,0
77251,48201,Harris,1.0,920.4,1185.2,1468.9,1812.5,1.045,1535.0,0
77252,48201,Harris,1.0,920.4,1185.2,1468.9,1812.5,1.045,1535.0,0
77253,48201,Harris,1.0,920.4,1185.2,1468.9,1812.5,1.045,1535.0,0
77254,48201,Harris,1.0,920.4,1185.2,1468.9,1812.5,1.045,1535.0,0
77255,48201,Harris,1.0,920.4,1185.2,1468.9,1812.5,1.045,1535.0,0
77256,48201,Harris,1.0,920.4,1185.2,1468.9,1812.5,1.045,1535.0,0
77257,48201,Harris,1.0,920.4,1185.2,1468.9,1812.5,1.045,1535.0,0
77258,48201,Harris,1.0,920.4,1185.2,1468.9,1812.5,1.045,1535.0,0
77259,48201,Harris,1.0,920.4,1185.2,1468.9,1812.5,1.045,1535.0,0
77261,48201,Harris,1.0,920.4,1185.2,1468.9,1812.5,1.045,1535.0,0
77262,48201,Harris,1.0,920.4,1185.2,1468.9,1812.5,1.045,1535.0,0
77263,48201,Harris,1.0,920.4,1185.2,1468.9,1812.5,1.045,1535.0,0
77265,48201,Harris,1.0,920.4,1185.2,1468.9,1812.5,1.045,1535.0,0
77266,48201,Harris,1.0,920.4,1185.2,1468.9,1812.5,1.045,1535.0,0
77267,48201,Harris,1.0,920.4,1185.2,1468.9,1812.5,1.045,1535.0,0
77268,48201,Harris,1.0,920.4,1185.2,1468.9,1812.5,1.045,1535.0,0
77269,48201,Harris,1.0,920.4,1185.2,1468.9,1812.5,1.045,1535.0,0
77270,48201,Harris,1.0,920.4,1185.2,1468.9,1812.5,1.045,1535.0,0
77271,48201,Harris,1.0,920.4,1185.2,1468.9,1812.5,1.045,1535.0,0
77272,48201,Harris,1.0,920.4,1185.2,1468.9,1812.5,1.045,1535.0,0
77273,48201,Harris,1.0,920.4,1185.2,1468.9,1812.5,1.045,1535.0,0
77274,48201,Harris,1.0,920.4,1185.2,1468.9,1812.5,1.045,1535.0,0
77275,48201,Harris,1.0,920.4,1185.2,1468.9,1812.5,1.045,1535.0,0
77277,48201,Harris,1.0,920.4,1185.2,1468.9,1812.5,1.045,1535.0,0
77279,48201,Harris,1.0,920.4,1185.2,1468.9,1812.5,1.045,1535.0,0
77280,48201,Harris,1.0,920.4,1185.2,1468.9,1812.5,1.045,1535.0,0
77282,48201,Harris,1.0,920.4,1185.2,1468.9,1812.5,1.045,1535.0,0
77284,48201,Harris,1.0,920.4,1185.2,1468.9,1812.5,1.045,1535.0,0
77287,48201,Harris,1.0,920.4,1185.2,1468.9,1812.5,1.045,1535.0,0
77288,48201,Harris,1.0,920.4,1185.2,1468.9,1812.5,1.045,1535.0,0
77289,48201,Harris,1.0,920.4,1185.2,1468.9,1812.5,1.045,1535.0,0
77290,48201,Harris,1.0,920.4,1185.2,1468.9,1812.5,1.045,1535.0,0
77291,48201,Harris,1.0,920.4,1185.2,1468.9,1812.5,1.045,1535.0,0
77292,48201,Harris,1.0,920.4,1185.2,1468.9,1812.5,1.045,1535.0,0
77293,48201,Harris,1.0,920.4,1185.2,1468.9,1812.5,1.045,1535.0,0
77315,48201,Harris,0.0,920.4,1185.2,1468.9,1812.5,1.045,1535.0,0
77325,48201,Harris,1.0,920.4,1185.2,1468.9,1812.5,1.045,1535.0,0
77336,48201,Harris,1.0,920.4,1185.2,1468.9,1812.5,1.045,1535.0,0
77338,48201,Harris,1.0,920.4,1185.2,1468.9,1812.5,1.045,1535.0,0
77339,48201,Harris,0.67909699878686,920.4,1185.2,1468.9,1812.5,1.045,1535.0,0
77345,48201,Harris,1.0,920.4,1185.2,1468.9,1812.5,1.045,1535.0,0
77346,48201,Harris,1.0,920.4,1185.2,1468.9,1812.5,1.045,1535.0,0
77347,48201,Harris,1.0,920.4,1185.2,1468.9,1812.5,1.045,1535.0,0
77357,48201,Harris,0.013520496038581,920.4,1185.2,1468.9,1812.5,1.045,1535.0,0
77365,48201,Harris,0.043918373931279,920.4,1185.2,1468.9,1812.5,1.045,1535.0,0
77373,48201,Harris,1.0,920.4,1185.2,1468.9,1812.5,1.045,1535.0,0
77375,48201,Harris,1.0,920.4,1185.2,1468.9,1812.5,1.045,1535.0,0
77377,48201,Harris,1.0,920.4,1185.2,1468.9,1812.5,1.045,1535.0,0
77379,48201,Harris,1.0,920.4,1185.2,1468.9,1812.5,1.045,1535.0,0
77383,48201,Harris,1.0,920.4,1185.2,1468.9,1812.5,1.045,1535.0,0
77388,48201,Harris,1.0,920.4,1185.2,1468.9,1812.5,1.045,1535.0,0
77389,48201,Harris,1.0,920.4,1185.2,1468.9,1812.5,1.045,1535.0,0
77391,48201,Harris,1.0,920.4,1185.2,1468.9,1812.5,1.045,1535.0,0
77396,48201,Harris,1.0,920.4,1185.2,1468.9,1812.5,1.045,1535.0,0
77401,48201,Harris,1.0,920.4,1185.2,1468.9,1812.5,1.045,1535.0,0
77402,48201,Harris,1.0,920.4,1185.2,1468.9,1812.5,1.045,1535.0,0
77406,48157,Fort Bend,1.0,920.4,1185.2,1468.9,1812.5,1.045,1535.0,0
77407,48157,Fort Bend,1.0,920.4,1185.2,1468.9,1812.5,1.045,1535.0,0
77410,48201,Harris,1.0,920.4,1185.2,1468.9,1812.5,1.045,1535.0,0
77411,48201,Harris,1.0,920.4,1185.2,1468.9,1812.5,1.045,1535.0,0
77413,48201,Harris,1.0,920.4,1185.2,1468.9,1812.5,1.045,1535.0,0
77417,48157,Fort Bend,1.0,920.4,1185.2,1468.9,1812.5,1.045,1535.0,0
77420,48157,Fort Bend,0.0083270249810749,920.4,1185.2,1468.9,1812.5,1.045,1535.0,0
77423,48157,Fort Bend,0.24211749087288,920.4,1185.2,1468.9,1812.5,1.045,1535.0,0
77429,48201,Harris,1.0,920.4,1185.2,1468.9,1812.5,1.045,1535.0,0
77430,48157,Fort Bend,0.43464730290456,920.4,1185.2,1468.9,1812.5,1.045,1535.0,0
77433,48201,Harris,1.0,920.4,1185.2,1468.9,1812.5,1.045,1535.0,0
77435,48157,Fort Bend,0.096168294515402,920.4,1185.2,1468.9,1812.5,1.045,1535.0,0
77441,48157,Fort Bend,1.0,920.4,1185.2,1468.9,1812.5,1.045,1535.0,0
77444,48157,Fort Bend,0.68705035971223,920.4,1185.2,1468.9,1812.5,1.045,1535.0,0
77445,48201,Harris,0.0011336583153837,920.4,1185.2,1468.9,1812.5,1.045,1535.0,0
77447,48201,Harris,0.70734712738101,920.4,1185.2,1468.9,1812.5,1.045,1535.0,0
77449,48201,Harris,1.0,920.4,1185.2,1468.9,1812.5,1.045,1535.0,0
77450,48201,Harris,0.71621621621622,920.4,1185.2,1468.9,1812.5,1.045,1535.0,0
77451,48157,Fort Bend,1.0,920.4,1185.2,1468.9,1812.5,1.045,1535.0,0
77459,48157,Fort Bend,1.0,920.4,1185.2,1468.9,1812.5,1.045,1535.0,0
77461,48157,Fort Bend,1.0,920.4,1185.2,1468.9,1812.5,1.045,1535.0,0
77464,48157,Fort Bend,0.0,920.4,1185.2,1468.9,1812.5,1.045,1535.0,0
77469,48157,Fort Bend,1.0,920.4,1185.2,1468.9,1812.5,1.045,1535.0,0
77471,48157,Fort Bend,1.0,920.4,1185.2,1468.9,1812.5,1.045,1535.0,0
77476,48157,Fort Bend,0.0,920.4,1185.2,1468.9,1812.5,1.045,1535.0,0
77477,48157,Fort Bend,0.89659813999021,920.4,1185.2,1468.9,1812.5,1.045,1535.0,0
77478,48157,Fort Bend,1.0,920.4,1185.2,1468.9,1812.5,1.045,1535.0,0
77479,48157,Fort Bend,1.0,920.4,1185.2,1468.9,1812.5,1.045,1535.0,0
77481,48157,Fort Bend,1.0,920.4,1185.2,1468.9,1812.5,1.045,1535.0,0
77484,48201,Harris,0.39546619673182,920.4,1185.2,1468.9,1812.5,1.045,1535.0,0
77485,48157,Fort Bend,0.38038147138965,920.4,1185.2,1468.9,1812.5,1.045,1535.0,0
77487,48157,Fort Bend,1.0,920.4,1185.2,1468.9,1812.5,1.045,1535.0,0
77489,48157,Fort Bend,0.97169462715246,920.4,1185.2,1468.9,1812.5,1.045,1535.0,0
77491,48201,Harris,1.0,920.4,1185.2,1468.9,1812.5,1.045,1535.0,0
77492,48201,Harris,1.0,920.4,1185.2,1468.9,1812.5,1.045,1535.0,0
77493,48201,Harris,0.81695416917172,920.4,1185.2,1468.9,1812.5,1.045,1535.0,0
77494,48157,Fort Bend,0.83351475114481,920.4,1185.2,1468.9,1812.5,1.045,1535.0,0
77496,48157,Fort Bend,1.0,920.4,1185.2,1468.9,1812.5,1.045,1535.0,0
77497,48157,Fort Bend,1.0,920.4,1185.2,1468.9,1812.5,1.045,1535.0,0
77498,48157,Fort Bend,1.0,920.4,1185.2,1468.9,1812.5,1.045,1535.0,0
77501,48201,Harris,1.0,920.4,1185.2,1468.9,1812.5,1.045,1535.0,0
77502,48201,Harris,1.0,920.4,1185.2,1468.9,1812.5,1.045,1535.0,0
77503,48201,Harris,1.0,920.4,1185.2,1468.9,1812.5,1.045,1535.0,0
77504,48201,Harris,1.0,920.4,1185.2,1468.9,1812.5,1.045,1535.0,0
77505,48201,Harris,1.0,920.4,1185.2,1468.9,1812.5,1.045,1535.0,0
77506,48201,Harris,1.0,920.4,1185.2,1468.9,1812.5,1.045,1535.0,0
77507,48201,Harris,1.0,920.4,1185.2,1468.9,1812.5,1.045,1535.0,0
77508,48201,Harris,1.0,920.4,1185.2,1468.9,1812.5,1.045,1535.0,0
77510,48167,Galveston,0.99819106840023,920.4,1185.2,1468.9,1812.5,1.045,1535.0,1
77511,48167,Galveston,0.059092642012962,920.4,1185.2,1468.9,1812.5,1.045,1535.0,1
77517,48167,Galveston,0.99865555256789,920.4,1185.2,1468.9,1812.5,1.045,1535.0,1
77518,48167,Galveston,1.0,920.4,1185.2,1468.9,1812.5,1.045,1535.0,1
77520,48201,Harris,1.0,920.4,1185.2,1468.9,1812.5,1.045,1535.0,1
77521,48201,Harris,0.949278545602,920.4,1185.2,1468.9,1812.5,1.045,1535.0,0
77522,48201,Harris,1.0,920.4,1185.2,1468.9,1812.5,1.045,1535.0,0
77523,48201,Harris,0.054892444910808,920.4,1185.2,1468.9,1812.5,1.045,1535.0,0
77530,48201,Harris,1.0,920.4,1185.2,1468.9,1812.5,1.045,1535.0,0
77532,48201,Harris,1.0,920.4,1185.2,1468.9,1812.5,1.045,1535.0,0
77536,48201,Harris,1.0,920.4,1185.2,1468.9,1812.5,1.045,1535.0,0
77539,48167,Galveston,1.0,920.4,1185.2,1468.9,1812.5,1.045,1535.0,1
77545,48157,Fort Bend,0.99151882302034,920.4,1185.2,1468.9,1812.5,1.045,1535.0,0
77546,48167,Galveston,0.56724531749657,920.4,1185.2,1468.9,1812.5,1.045,1535.0,1
77547,48201,Harris,1.0,920.4,1185.2,1468.9,1812.5,1.045,1535.0,0
77549,48167,Galveston,1.0,920.4,1185.2,1468.9,1812.5,1.045,1535.0,1
77550,48167,Galveston,1.0,920.4,1185.2,1468.9,1812.5,1.045,1535.0,1
77551,48167,Galveston,1.0,920.4,1185.2,1468.9,1812.5,1.045,1535.0,1
77552,48167,Galveston,1.0,920.4,1185.2,1468.9,1812.5,1.045,1535.0,1
77553,48167,Galveston,1.0,920.4,1185.2,1468.9,1812.5,1.045,1535.0,1
77554,48167,Galveston,1.0,920.4,1185.2,1468.9,1812.5,1.045,1535.0,1
77555,48167,Galveston,0.0,920.4,1185.2,1468.9,1812.5,1.045,1535.0,1
77562,48201,Harris,1.0,920.4,1185.2,1468.9,1812.5,1.045,1535.0,0
77563,48167,Galveston,1.0,920.4,1185.2,1468.9,1812.5,1.045,1535.0,1
77565,48167,Galveston,1.0,920.4,1185.2,1468.9,1812.5,1.045,1535.0,1
77568,48167,Galveston,1.0,920.4,1185.2,1468.9,1812.5,1.045,1535.0,1
77571,48201,Harris,1.0,920.4,1185.2,1468.9,1812.5,1.045,1535.0,1
77572,48201,Harris,1.0,920.4,1185.2,1468.9,1812.5,1.045,1535.0,0
77573,48167,Galveston,1.0,920.4,1185.2,1468.9,1812.5,1.045,1535.0,1
77574,48167,Galveston,1.0,920.4,1185.2,1468.9,1812.5,1.045,1535.0,1
77581,48201,Harris,0.089823734371797,920.4,1185.2,1468.9,1812.5,1.045,1535.0,0
77583,48157,Fort Bend,0.27684308263695,920.4,1185.2,1468.9,1812.5,1.045,1535.0,0
77584,48157,Fort Bend,0.057878503419606,920.4,1185.2,1468.9,1812.5,1.045,1535.0,0
77586,48201,Harris,1.0,920.4,1185.2,1468.9,1812.5,1.045,1535.0,1
77587,48201,Harris,1.0,920.4,1185.2,1468.9,1812.5,1.045,1535.0,0
77590,48167,Galveston,1.0,920.4,1185.2,1468.9,1812.5,1.045,1535.0,1
77591,48167,Galveston,1.0,920.4,1185.2,1468.9,1812.5,1.045,1535.0,1
77592,48167,Galveston,1.0,920.4,1185.2,1468.9,1812.5,1.045,1535.0,1
77598,48201,Harris,1.0,920.4,1185.2,1468.9,1812.5,1.045,1535.0,0
77617,48167,Galveston,1.0,920.4,1185.2,1468.9,1812.5,1.045,1535.0,1
77623,48167,Galveston,1.0,920.4,1185.2,1468.9,1812.5,1.045,1535.0,1
77650,48167,Galveston,1.0,920.4,1185.2,1468.9,1812.5,1.045,1535.0,1
