zip_code,county_fips,county_name,res_ratio,nfip_total_claims,nfip_avg_building_claim,nfip_avg_contents_claim,pct_area_100yr_flood,pct_area_coastal_surge,est_flood_risk_tier,water_mud_flag,elec_provider,elec_base_monthly_fee,elec_delivery_rate_per_kwh,gas_provider,gas_base_monthly_fee,gas_distribution_rate_per_ccf,is_unincorporated_flag,water_service_type,water_base_monthly_fee,water_rate_per_1k_gal,usda_thrifty_monthly_baseline,usda_low_cost_monthly_baseline,usda_moderate_monthly_baseline,usda_liberal_monthly_baseline,houston_cpi_food_scalar,adj_monthly_food_cost_moderate,twia_mandatory
77001,48201,Harris,1.0,25.0,11779.77,2134.87,1.0,0.0,X,0,CenterPoint,4.39,0.0381,CenterPoint,18.5,0.0912,0,Municipal_CityOfHouston,16.8,6.45,920.4,1185.2,1468.9,1812.5,1.045,1535.0,0
77002,48201,Harris,1.0,262.0,63268.98,8081.47,1.0,0.0,X,0,CenterPoint,4.39,0.0381,CenterPoint,18.5,0.0912,0,Municipal_CityOfHouston,16.8,6.45,920.4,1185.2,1468.9,1812.5,1.045,1535.0,0
77003,48201,Harris,1.0,52.0,6333.47,3833.66,1.0,0.0,X,0,CenterPoint,4.39,0.0381,CenterPoint,18.5,0.0912,0,Municipal_CityOfHouston,16.8,6.45,920.4,1185.2,1468.9,1812.5,1.045,1535.0,0
77004,48201,Harris,1.0,607.0,22927.31,2892.43,1.0,0.0,X,0,CenterPoint,4.39,0.0381,CenterPoint,18.5,0.0912,0,Municipal_CityOfHouston,16.8,6.45,920.4,1185.2,1468.9,1812.5,1.045,1535.0,0
77005,48201,Harris,1.0,817.0,19049.8,6486.13,1.0,0.0,X,0,CenterPoint,4.39,0.0381,CenterPoint,18.5,0.0912,0,Municipal_CityOfHouston,16.8,6.45,920.4,1185.2,1468.9,1812.5,1.045,1535.0,0
77006,48201,Harris,1.0,333.0,7931.15,1507.88,1.0,0.0,X,0,CenterPoint,4.39,0.0381,CenterPoint,18.5,0.0912,0,Municipal_CityOfHouston,16.8,6.45,920.4,1185.2,1468.9,1812.5,1.045,1535.0,0
77007,48201,Harris,1.0,635.0,44449.54,8852.22,1.0,0.0,X,0,CenterPoint,4.39,0.0381,CenterPoint,18.5,0.0912,0,Municipal_CityOfHouston,16.8,6.45,920.4,1185.2,1468.9,1812.5,1.045,1535.0,0
77008,48201,Harris,1.0,1678.0,34936.54,9262.65,1.0,0.0,X,0,CenterPoint,4.39,0.0381,CenterPoint,18.5,0.0912,0,Municipal_CityOfHouston,16.8,6.45,920.4,1185.2,1468.9,1812.5,1.045,1535.0,0
77009,48201,Harris,1.0,683.0,39327.82,5900.08,1.0,0.0,X,0,CenterPoint,4.39,0.0381,CenterPoint,18.5,0.0912,0,Municipal_CityOfHouston,16.8,6.45,920.4,1185.2,1468.9,1812.5,1.045,1535.0,0
77010,48201,Harris,1.0,7.0,3743.73,0.0,1.0,0.0,X,0,CenterPoint,4.39,0.0381,CenterPoint,18.5,0.0912,0,Municipal_CityOfHouston,16.8,6.45,920.4,1185.2,1468.9,1812.5,1.045,1535.0,0
77011,48201,Harris,1.0,121.0,20922.85,25244.69,1.0,0.0,X,0,CenterPoint,4.39,0.0381,CenterPoint,18.5,0.0912,0,Municipal_CityOfHouston,16.8,6.45,920.4,1185.2,1468.9,1812.5,1.045,1535.0,0
77012,48201,Harris,1.0,165.0,32808.35,6735.24,1.0,0.0,X,0,CenterPoint,4.39,0.0381,CenterPoint,18.5,0.0912,0,Municipal_CityOfHouston,16.8,6.45,920.4,1185.2,1468.9,1812.5,1.045,1535.0,0
77013,48201,Harris,1.0,1275.0,44270.82,13268.97,1.0,0.0,X,0,CenterPoint,4.39,0.0381,CenterPoint,18.5,0.0912,0,Municipal_CityOfHouston,16.8,6.45,920.4,1185.2,1468.9,1812.5,1.045,1535.0,0
77014,48201,Harris,1.0,110.0,9178.44,2569.25,1.0,0.0,X,0,CenterPoint,4.39,0.0381,CenterPoint,18.5,0.0912,0,Municipal_CityOfHouston,16.8,6.45,920.4,1185.2,1468.9,1812.5,1.045,1535.0,0
77015,48201,Harris,1.0,2074.0,32953.15,11156.24,15.0,0.0,AE,0,CenterPoint,4.39,0.0381,CenterPoint,18.5,0.0912,0,Municipal_CityOfHouston,16.8,6.45,920.4,1185.2,1468.9,1812.5,1.045,1535.0,0
77016,48201,Harris,1.0,1367.0,19812.34,4217.56,1.0,0.0,X,0,CenterPoint,4.39,0.0381,CenterPoint,18.5,0.0912,0,Municipal_CityOfHouston,16.8,6.45,920.4,1185.2,1468.9,1812.5,1.045,1535.0,0
77017,48201,Harris,1.0,510.0,23768.36,4817.76,1.0,0.0,X,0,CenterPoint,4.39,0.0381,CenterPoint,18.5,0.0912,0,Municipal_CityOfHouston,16.8,6.45,920.4,1185.2,1468.9,1812.5,1.045,1535.0,0
77018,48201,Harris,1.0,1397.0,37385.18,6030.3,1.0,0.0,X,0,CenterPoint,4.39,0.0381,CenterPoint,18.5,0.0912,0,Municipal_CityOfHouston,16.8,6.45,920.4,1185.2,1468.9,1812.5,1.045,1535.0,0
77019,48201,Harris,1.0,366.0,44456.03,16151.95,1.0,0.0,X,0,CenterPoint,4.39,0.0381,CenterPoint,18.5,0.0912,0,Municipal_CityOfHouston,16.8,6.45,920.4,1185.2,1468.9,1812.5,1.045,1535.0,0
77020,48201,Harris,1.0,199.0,22533.14,10859.99,1.0,0.0,X,0,CenterPoint,4.39,0.0381,CenterPoint,18.5,0.0912,0,Municipal_CityOfHouston,16.8,6.45,920.4,1185.2,1468.9,1812.5,1.045,1535.0,0
77021,48201,Harris,1.0,680.0,20472.27,4096.31,1.0,0.0,X,0,CenterPoint,4.39,0.0381,CenterPoint,18.5,0.0912,0,Municipal_CityOfHouston,16.8,6.45,920.4,1185.2,1468.9,1812.5,1.045,1535.0,0
77022,48201,Harris,1.0,1325.0,30963.71,6775.71,1.0,0.0,X,0,CenterPoint,4.39,0.0381,CenterPoint,18.5,0.0912,0,Municipal_CityOfHouston,16.8,6.45,920.4,1185.2,1468.9,1812.5,1.045,1535.0,0
77023,48201,Harris,1.0,306.0,21125.02,5451.3,1.0,0.0,X,0,CenterPoint,4.39,0.0381,CenterPoint,18.5,0.0912,0,Municipal_CityOfHouston,16.8,6.45,920.4,1185.2,1468.9,1812.5,1.045,1535.0,0
77024,48201,Harris,1.0,3146.0,49845.17,14293.67,15.0,0.0,AE,0,CenterPoint,4.39,0.0381,CenterPoint,18.5,0.0912,0,Municipal_CityOfHouston,16.8,6.45,920.4,1185.2,1468.9,1812.5,1.045,1535.0,0
77025,48201,Harris,1.0,3059.0,66315.54,17672.42,1.0,0.0,X,0,CenterPoint,4.39,0.0381,CenterPoint,18.5,0.0912,0,Municipal_CityOfHouston,16.8,6.45,920.4,1185.2,1468.9,1812.5,1.045,1535.0,0
77026,48201,Harris,1.0,1078.0,25539.17,5158.76,1.0,0.0,X,0,CenterPoint,4.39,0.0381,CenterPoint,18.5,0.0912,0,Municipal_CityOfHouston,16.8,6.45,920.4,1185.2,1468.9,1812.5,1.045,1535.0,0
77027,48201,Harris,1.0,388.0,46886.45,9384.12,1.0,0.0,X,0,CenterPoint,4.39,0.0381,CenterPoint,18.5,0.0912,0,Municipal_CityOfHouston,16.8,6.45,920.4,1185.2,1468.9,1812.5,1.045,1535.0,0
77028,48201,Harris,1.0,1157.0,29304.82,11974.99,1.0,0.0,X,0,CenterPoint,4.39,0.0381,CenterPoint,18.5,0.0912,0,Municipal_CityOfHouston,16.8,6.45,920.4,1185.2,1468.9,1812.5,1.045,1535.0,0
77029,48201,Harris,1.0,598.0,36441.31,12004.21,1.0,0.0,X,0,CenterPoint,4.39,0.0381,CenterPoint,18.5,0.0912,0,Municipal_CityOfHouston,16.8,6.45,920.4,1185.2,1468.9,1812.5,1.045,1535.0,0
77030,48201,Harris,1.0,438.0,57126.84,5841.46,1.0,0.0,X,0,CenterPoint,4.39,0.0381,CenterPoint,18.5,0.0912,0,Municipal_CityOfHouston,16.8,6.45,920.4,1185.2,1468.9,1812.5,1.045,1535.0,0
77031,48201,Harris,0.99878048780488,309.0,39609.74,6331.96,1.0,0.0,X,0,CenterPoint,4.39,0.0381,CenterPoint,18.5,0.0912,0,Municipal_CityOfHouston,16.8,6.45,920.4,1185.2,1468.9,1812.5,1.045,1535.0,0
77032,48201,Harris,1.0,1435.0,26664.45,6003.38,1.0,0.0,X,0,CenterPoint,4.39,0.0381,CenterPoint,18.5,0.0912,0,Municipal_CityOfHouston,16.8,6.45,920.4,1185.2,1468.9,1812.5,1.045,1535.0,0
77033,48201,Harris,1.0,965.0,10912.44,2689.77,1.0,0.0,X,0,CenterPoint,4.39,0.0381,CenterPoint,18.5,0.0912,0,Municipal_CityOfHouston,16.8,6.45,920.4,1185.2,1468.9,1812.5,1.045,1535.0,0
77034,48201,Harris,1.0,3524.0,26548.64,6859.09,1.0,0.0,X,0,CenterPoint,4.39,0.0381,CenterPoint,18.5,0.0912,0,Municipal_CityOfHouston,16.8,6.45,920.4,1185.2,1468.9,1812.5,1.045,1535.0,0
77035,48201,Harris,1.0,1785.0,57367.12,12927.59,1.0,0.0,X,0,CenterPoint,4.39,0.0381,CenterPoint,18.5,0.0912,0,Municipal_CityOfHouston,16.8,6.45,920.4,1185.2,1468.9,1812.5,1.045,1535.0,0
77036,48201,Harris,1.0,343.0,8620.31,12020.37,1.0,0.0,X,0,CenterPoint,4.39,0.0381,CenterPoint,18.5,0.0912,0,Municipal_CityOfHouston,16.8,6.45,920.4,1185.2,1468.9,1812.5,1.045,1535.0,0
77037,48201,Harris,1.0,4197.0,28409.52,7272.17,1.0,0.0,X,0,CenterPoint,4.39,0.0381,CenterPoint,18.5,0.0912,0,Municipal_CityOfHouston,16.8,6.45,920.4,1185.2,1468.9,1812.5,1.045,1535.0,0
77038,48201,Harris,1.0,1369.0,20472.81,5923.96,1.0,0.0,X,0,CenterPoint,4.39,0.0381,CenterPoint,18.5,0.0912,0,Municipal_CityOfHouston,16.8,6.45,920.4,1185.2,1468.9,1812.5,1.045,1535.0,0
77039,48201,Harris,1.0,2643.0,31601.69,9759.95,1.0,0.0,X,0,CenterPoint,4.39,0.0381,CenterPoint,18.5,0.0912,0,Municipal_CityOfHouston,16.8,6.45,920.4,1185.2,1468.9,1812.5,1.045,1535.0,0
77040,48201,Harris,1.0,4157.0,28969.46,9729.21,1.0,0.0,X,0,CenterPoint,4.39,0.0381,CenterPoint,18.5,0.0912,0,Municipal_CityOfHouston,16.8,6.45,920.4,1185.2,1468.9,1812.5,1.045,1535.0,0
77041,48201,Harris,1.0,835.0,69038.58,23927.95,1.0,0.0,X,0,CenterPoint,4.39,0.0381,CenterPoint,18.5,0.0912,0,Municipal_CityOfHouston,16.8,6.45,920.4,1185.2,1468.9,1812.5,1.045,1535.0,0
77042,48201,Harris,1.0,1357.0,60964.78,19029.79,15.0,0.0,AE,0,CenterPoint,4.39,0.0381,CenterPoint,18.5,0.0912,0,Municipal_CityOfHouston,16.8,6.45,920.4,1185.2,1468.9,1812.5,1.045,1535.0,0
77043,48201,Harris,1.0,937.0,18630.26,3950.86,1.0,0.0,X,0,CenterPoint,4.39,0.0381,CenterPoint,18.5,0.0912,0,Municipal_CityOfHouston,16.8,6.45,920.4,1185.2,1468.9,1812.5,1.045,1535.0,0
77044,48201,Harris,1.0,1085.0,36400.86,15015.88,15.0,0.0,AE,1,CenterPoint,4.39,0.0381,CenterPoint,18.5,0.0985,1,Suburban_MUD,28.5,8.5,920.4,1185.2,1468.9,1812.5,1.045,1535.0,0
77045,48201,Harris,1.0,1782.0,11869.45,4515.83,1.0,0.0,X,0,CenterPoint,4.39,0.0381,CenterPoint,18.5,0.0912,0,Municipal_CityOfHouston,16.8,6.45,920.4,1185.2,1468.9,1812.5,1.045,1535.0,0
77046,48201,Harris,1.0,29.0,9930.51,313.9,1.0,0.0,X,0,CenterPoint,4.39,0.0381,CenterPoint,18.5,0.0912,0,Municipal_CityOfHouston,16.8,6.45,920.4,1185.2,1468.9,1812.5,1.045,1535.0,0
77047,48201,Harris,1.0,472.0,15537.7,4196.26,1.0,0.0,X,0,CenterPoint,4.39,0.0381,CenterPoint,18.5,0.0912,0,Municipal_CityOfHouston,16.8,6.45,920.4,1185.2,1468.9,1812.5,1.045,1535.0,0
77048,48201,Harris,1.0,577.0,11023.6,3722.87,1.0,0.0,X,0,CenterPoint,4.39,0.0381,CenterPoint,18.5,0.0912,0,Municipal_CityOfHouston,16.8,6.45,920.4,1185.2,1468.9,1812.5,1.045,1535.0,0
77049,48201,Harris,1.0,1094.0,27690.68,10398.49,15.0,0.0,AE,0,CenterPoint,4.39,0.0381,CenterPoint,18.5,0.0912,0,Municipal_CityOfHouston,16.8,6.45,920.4,1185.2,1468.9,1812.5,1.045,1535.0,0
77050,48201,Harris,1.0,204.0,32947.76,7338.88,1.0,0.0,X,0,CenterPoint,4.39,0.0381,CenterPoint,18.5,0.0912,0,Municipal_CityOfHouston,16.8,6.45,920.4,1185.2,1468.9,1812.5,1.045,1535.0,0
77051,48201,Harris,1.0,209.0,6091.56,1426.6,1.0,0.0,X,0,CenterPoint,4.39,0.0381,CenterPoint,18.5,0.0912,0,Municipal_CityOfHouston,16.8,6.45,920.4,1185.2,1468.9,1812.5,1.045,1535.0,0
77052,48201,Harris,1.0,80.0,37109.29,6357.2,1.0,0.0,X,0,CenterPoint,4.39,0.0381,CenterPoint,18.5,0.0912,0,Municipal_CityOfHouston,16.8,6.45,920.4,1185.2,1468.9,1812.5,1.045,1535.0,0
77053,48157,Fort Bend,0.55384010227161,503.0,10993.61,1325.92,1.0,0.0,X,1,CenterPoint,4.39,0.0381,CenterPoint,18.5,0.0985,1,Suburban_MUD,28.5,8.5,920.4,1185.2,1468.9,1812.5,1.045,1535.0,0
77054,48201,Harris,1.0,139.0,29152.48,14596.91,1.0,0.0,X,0,CenterPoint,4.39,0.0381,CenterPoint,18.5,0.0912,0,Municipal_CityOfHouston,16.8,6.45,920.4,1185.2,1468.9,1812.5,1.045,1535.0,0
77055,48201,Harris,1.0,819.0,23697.25,9905.03,1.0,0.0,X,0,CenterPoint,4.39,0.0381,CenterPoint,18.5,0.0912,0,Municipal_CityOfHouston,16.8,6.45,920.4,1185.2,1468.9,1812.5,1.045,1535.0,0
77056,48201,Harris,1.0,928.0,56258.73,13576.87,1.0,0.0,X,0,CenterPoint,4.39,0.0381,CenterPoint,18.5,0.0912,0,Municipal_CityOfHouston,16.8,6.45,920.4,1185.2,1468.9,1812.5,1.045,1535.0,0
77057,48201,Harris,1.0,598.0,28831.51,8789.48,1.0,0.0,X,0,CenterPoint,4.39,0.0381,CenterPoint,18.5,0.0912,0,Municipal_CityOfHouston,16.8,6.45,920.4,1185.2,1468.9,1812.5,1.045,1535.0,0
77058,48201,Harris,1.0,2068.0,24010.36,8158.38,1.0,0.0,X,0,CenterPoint,4.39,0.0381,CenterPoint,18.5,0.0912,0,Municipal_CityOfHouston,16.8,6.45,920.4,1185.2,1468.9,1812.5,1.045,1535.0,0
77059,48201,Harris,1.0,694.0,23744.3,6272.45,1.0,0.0,X,0,CenterPoint,4.39,0.0381,CenterPoint,18.5,0.0912,0,Municipal_CityOfHouston,16.8,6.45,920.4,1185.2,1468.9,1812.5,1.045,1535.0,0
77060,48201,Harris,1.0,1842.0,68107.18,8781.05,1.0,0.0,X,0,CenterPoint,4.39,0.0381,CenterPoint,18.5,0.0912,0,Municipal_CityOfHouston,16.8,6.45,920.4,1185.2,1468.9,1812.5,1.045,1535.0,0
77061,48201,Harris,1.0,917.0,18503.82,7313.09,1.0,0.0,X,0,CenterPoint,4.39,0.0381,CenterPoint,18.5,0.0912,0,Municipal_CityOfHouston,16.8,6.45,920.4,1185.2,1468.9,1812.5,1.045,1535.0,0
77062,48201,Harris,1.0,1163.0,15541.63,3533.7,1.0,0.0,X,0,CenterPoint,4.39,0.0381,CenterPoint,18.5,0.0912,0,Municipal_CityOfHouston,16.8,6.45,920.4,1185.2,1468.9,1812.5,1.045,1535.0,0
77063,48201,Harris,1.0,983.0,43521.02,12621.96,1.0,0.0,X,0,CenterPoint,4.39,0.0381,CenterPoint,18.5,0.0912,0,Municipal_CityOfHouston,16.8,6.45,920.4,1185.2,1468.9,1812.5,1.045,1535.0,0
77064,48201,Harris,1.0,348.0,21762.01,3919.59,1.0,0.0,X,0,CenterPoint,4.39,0.0381,CenterPoint,18.5,0.0912,0,Municipal_CityOfHouston,16.8,6.45,920.4,1185.2,1468.9,1812.5,1.045,1535.0,0
77065,48201,Harris,1.0,674.0,35232.04,7967.61,1.0,0.0,X,0,CenterPoint,4.39,0.0381,CenterPoint,18.5,0.0912,0,Municipal_CityOfHouston,16.8,6.45,920.4,1185.2,1468.9,1812.5,1.045,1535.0,0
77066,48201,Harris,1.0,1191.0,20078.59,5431.88,1.0,0.0,X,0,CenterPoint,4.39,0.0381,CenterPoint,18.5,0.0912,0,Municipal_CityOfHouston,16.8,6.45,920.4,1185.2,1468.9,1812.5,1.045,1535.0,0
77067,48201,Harris,1.0,202.0,12287.02,2120.19,1.0,0.0,X,0,CenterPoint,4.39,0.0381,CenterPoint,18.5,0.0912,0,Municipal_CityOfHouston,16.8,6.45,920.4,1185.2,1468.9,1812.5,1.045,1535.0,0
77068,48201,Harris,1.0,640.0,65340.42,19449.42,1.0,0.0,X,1,CenterPoint,4.39,0.0381,CenterPoint,18.5,0.0985,1,Suburban_MUD,28.5,8.5,920.4,1185.2,1468.9,1812.5,1.045,1535.0,0
77069,48201,Harris,1.0,518.0,80046.17,25208.24,1.0,0.0,X,1,CenterPoint,4.39,0.0381,CenterPoint,18.5,0.0985,1,Suburban_MUD,28.5,8.5,920.4,1185.2,1468.9,1812.5,1.045,1535.0,0
77070,48201,Harris,1.0,1833.0,83243.77,24838.0,15.0,0.0,AE,1,CenterPoint,4.39,0.0381,CenterPoint,18.5,0.0985,1,Suburban_MUD,28.5,8.5,920.4,1185.2,1468.9,1812.5,1.045,1535.0,0
77071,48201,Harris,1.0,882.0,21737.78,4619.52,1.0,0.0,X,0,CenterPoint,4.39,0.0381,CenterPoint,18.5,0.0912,0,Municipal_CityOfHouston,16.8,6.45,920.4,1185.2,1468.9,1812.5,1.045,1535.0,0
77072,48201,Harris,1.0,1444.0,11375.68,1203.95,1.0,0.0,X,0,CenterPoint,4.39,0.0381,CenterPoint,18.5,0.0912,0,Municipal_CityOfHouston,16.8,6.45,920.4,1185.2,1468.9,1812.5,1.045,1535.0,0
77073,48201,Harris,1.0,807.0,28377.9,13051.26,1.0,0.0,X,1,CenterPoint,4.39,0.0381,CenterPoint,18.5,0.0985,1,Suburban_MUD,28.5,8.5,920.4,1185.2,1468.9,1812.5,1.045,1535.0,0
77074,48201,Harris,1.0,2827.0,52883.59,9494.76,1.0,0.0,X,0,CenterPoint,4.39,0.0381,CenterPoint,18.5,0.0912,0,Municipal_CityOfHouston,16.8,6.45,920.4,1185.2,1468.9,1812.5,1.045,1535.0,0
77075,48201,Harris,1.0,1494.0,31147.3,9836.48,1.0,0.0,X,0,CenterPoint,4.39,0.0381,CenterPoint,18.5,0.0912,0,Municipal_CityOfHouston,16.8,6.45,920.4,1185.2,1468.9,1812.5,1.045,1535.0,0
77076,48201,Harris,1.0,1025.0,20001.46,5329.41,1.0,0.0,X,0,CenterPoint,4.39,0.0381,CenterPoint,18.5,0.0912,0,Municipal_CityOfHouston,16.8,6.45,920.4,1185.2,1468.9,1812.5,1.045,1535.0,0
77077,48201,Harris,1.0,1761.0,45264.1,13269.52,15.0,0.0,AE,0,CenterPoint,4.39,0.0381,CenterPoint,18.5,0.0912,0,Municipal_CityOfHouston,16.8,6.45,920.4,1185.2,1468.9,1812.5,1.045,1535.0,0
77078,48201,Harris,1.0,556.0,39994.67,15341.82,1.0,0.0,X,0,CenterPoint,4.39,0.0381,CenterPoint,18.5,0.0912,0,Municipal_CityOfHouston,16.8,6.45,920.4,1185.2,1468.9,1812.5,1.045,1535.0,0
77079,48201,Harris,1.0,3383.0,96980.53,30130.89,15.0,0.0,AE,0,CenterPoint,4.39,0.0381,CenterPoint,18.5,0.0912,0,Municipal_CityOfHouston,16.8,6.45,920.4,1185.2,1468.9,1812.5,1.045,1535.0,0
77080,48201,Harris,1.0,1543.0,25526.72,4607.28,15.0,0.0,AE,0,CenterPoint,4.39,0.0381,CenterPoint,18.5,0.0912,0,Municipal_CityOfHouston,16.8,6.45,920.4,1185.2,1468.9,1812.5,1.045,1535.0,0
77081,48201,Harris,1.0,325.0,19388.61,3737.65,1.0,0.0,X,0,CenterPoint,4.39,0.0381,CenterPoint,18.5,0.0912,0,Municipal_CityOfHouston,16.8,6.45,920.4,1185.2,1468.9,1812.5,1.045,1535.0,0
77082,48201,Harris,0.99935956450386,1033.0,6240.91,1117.48,1.0,0.0,X,0,CenterPoint,4.39,0.0381,CenterPoint,18.5,0.0912,0,Municipal_CityOfHouston,16.8,6.45,920.4,1185.2,1468.9,1812.5,1.045,1535.0,0
77083,48201,Harris,0.60214597735273,514.0,10750.73,3012.86,1.0,0.0,X,1,CenterPoint,4.39,0.0381,CenterPoint,18.5,0.0985,1,Suburban_MUD,28.5,8.5,920.4,1185.2,1468.9,1812.5,1.045,1535.0,0
77084,48201,Harris,1.0,3058.0,67853.11,21223.35,15.0,0.0,AE,1,CenterPoint,4.39,0.0381,CenterPoint,18.5,0.0985,1,Suburban_MUD,28.5,8.5,920.4,1185.2,1468.9,1812.5,1.045,1535.0,0
77085,48201,Harris,0.96362153344209,151.0,8169.92,808.22,1.0,0.0,X,0,CenterPoint,4.39,0.0381,CenterPoint,18.5,0.0912,0,Municipal_CityOfHouston,16.8,6.45,920.4,1185.2,1468.9,1812.5,1.045,1535.0,0
77086,48201,Harris,1.0,286.0,17993.42,4368.39,1.0,0.0,X,0,CenterPoint,4.39,0.0381,CenterPoint,18.5,0.0912,0,Municipal_CityOfHouston,16.8,6.45,920.4,1185.2,1468.9,1812.5,1.045,1535.0,0
77087,48201,Harris,1.0,1099.0,14144.13,3776.48,1.0,0.0,X,0,CenterPoint,4.39,0.0381,CenterPoint,18.5,0.0912,0,Municipal_CityOfHouston,16.8,6.45,920.4,1185.2,1468.9,1812.5,1.045,1535.0,0
77088,48201,Harris,1.0,4660.0,28480.92,8966.86,15.0,0.0,AE,0,CenterPoint,4.39,0.0381,CenterPoint,18.5,0.0912,0,Municipal_CityOfHouston,16.8,6.45,920.4,1185.2,1468.9,1812.5,1.045,1535.0,0
77089,48201,Harris,1.0,6742.0,28856.45,8192.38,15.0,0.0,AE,0,CenterPoint,4.39,0.0381,CenterPoint,18.5,0.0912,0,Municipal_CityOfHouston,16.8,6.45,920.4,1185.2,1468.9,1812.5,1.045,1535.0,0
77090,48201,Harris,1.0,1863.0,62250.93,17538.67,15.0,0.0,AE,1,CenterPoint,4.39,0.0381,CenterPoint,18.5,0.0985,1,Suburban_MUD,28.5,8.5,920.4,1185.2,1468.9,1812.5,1.045,1535.0,0
77091,48201,Harris,1.0,870.0,31226.38,8025.35,1.0,0.0,X,0,CenterPoint,4.39,0.0381,CenterPoint,18.5,0.0912,0,Municipal_CityOfHouston,16.8,6.45,920.4,1185.2,1468.9,1812.5,1.045,1535.0,0
77092,48201,Harris,1.0,875.0,34660.76,7205.62,1.0,0.0,X,0,CenterPoint,4.39,0.0381,CenterPoint,18.5,0.0912,0,Municipal_CityOfHouston,16.8,6.45,920.4,1185.2,1468.9,1812.5,1.045,1535.0,0
77093,48201,Harris,1.0,2977.0,20593.4,5730.28,1.0,0.0,X,0,CenterPoint,4.39,0.0381,CenterPoint,18.5,0.0912,0,Municipal_CityOfHouston,16.8,6.45,920.4,1185.2,1468.9,1812.5,1.045,1535.0,0
77094,48201,Harris,1.0,178.0,73213.67,22224.94,1.0,0.0,X,0,CenterPoint,4.39,0.0381,CenterPoint,18.5,0.0912,0,Municipal_CityOfHouston,16.8,6.45,920.4,1185.2,1468.9,1812.5,1.045,1535.0,0
77095,48201,Harris,1.0,682.0,42113.08,11657.0,1.0,0.0,X,1,CenterPoint,4.39,0.0381,CenterPoint,18.5,0.0985,1,Suburban_MUD,28.5,8.5,920.4,1185.2,1468.9,1812.5,1.045,1535.0,0
77096,48201,Harris,1.0,6482.0,84200.94,22108.52,15.0,0.0,AE,0,CenterPoint,4.39,0.0381,CenterPoint,18.5,0.0912,0,Municipal_CityOfHouston,16.8,6.45,920.4,1185.2,1468.9,1812.5,1.045,1535.0,0
77098,48201,Harris,1.0,350.0,9815.32,11526.49,1.0,0.0,X,0,CenterPoint,4.39,0.0381,CenterPoint,18.5,0.0912,0,Municipal_CityOfHouston,16.8,6.45,920.4,1185.2,1468.9,1812.5,1.045,1535.0,0
77099,48201,Harris,0.94822722495713,1079.0,16567.88,4437.13,1.0,0.0,X,0,CenterPoint,4.39,0.0381,CenterPoint,18.5,0.0912,0,Municipal_CityOfHouston,16.8,6.45,920.4,1185.2,1468.9,1812.5,1.045,1535.0,0
77204,48201,Harris,0.0,0.0,0.0,0.0,1.0,0.0,X,0,CenterPoint,4.39,0.0381,CenterPoint,18.5,0.0912,0,Municipal_CityOfHouston,16.8,6.45,920.4,1185.2,1468.9,1812.5,1.045,1535.0,0
77205,48201,Harris,1.0,62.0,69181.59,31535.15,1.0,0.0,X,0,CenterPoint,4.39,0.0381,CenterPoint,18.5,0.0912,0,Municipal_CityOfHouston,16.8,6.45,920.4,1185.2,1468.9,1812.5,1.045,1535.0,0
77206,48201,Harris,1.0,3.0,2499.57,1623.83,1.0,0.0,X,0,CenterPoint,4.39,0.0381,CenterPoint,18.5,0.0912,0,Municipal_CityOfHouston,16.8,6.45,920.4,1185.2,1468.9,1812.5,1.045,1535.0,0
77207,48201,Harris,1.0,7.0,1620.02,125.7,1.0,0.0,X,0,CenterPoint,4.39,0.0381,CenterPoint,18.5,0.0912,0,Municipal_CityOfHouston,16.8,6.45,920.4,1185.2,1468.9,1812.5,1.045,1535.0,0
77208,48201,Harris,1.0,3.0,826.05,0.0,1.0,0.0,X,0,CenterPoint,4.39,0.0381,CenterPoint,18.5,0.0912,0,Municipal_CityOfHouston,16.8,6.45,920.4,1185.2,1468.9,1812.5,1.045,1535.0,0
77210,48201,Harris,1.0,11.0,16193.2,4856.83,1.0,0.0,X,0,CenterPoint,4.39,0.0381,CenterPoint,18.5,0.0912,0,Municipal_CityOfHouston,16.8,6.45,920.4,1185.2,1468.9,1812.5,1.045,1535.0,0
77215,48201,Harris,1.0,0.0,0.0,0.0,1.0,0.0,X,0,CenterPoint,4.39,0.0381,CenterPoint,18.5,0.0912,0,Municipal_CityOfHouston,16.8,6.45,920.4,1185.2,1468.9,1812.5,1.045,1535.0,0
77217,48201,Harris,1.0,0.0,0.0,0.0,1.0,0.0,X,0,CenterPoint,4.39,0.0381,CenterPoint,18.5,0.0912,0,Municipal_CityOfHouston,16.8,6.45,920.4,1185.2,1468.9,1812.5,1.045,1535.0,0
77218,48201,Harris,1.0,0.0,0.0,0.0,1.0,0.0,X,0,CenterPoint,4.39,0.0381,CenterPoint,18.5,0.0912,0,Municipal_CityOfHouston,16.8,6.45,920.4,1185.2,1468.9,1812.5,1.045,1535.0,0
77219,48201,Harris,1.0,0.0,0.0,0.0,1.0,0.0,X,0,CenterPoint,4.39,0.0381,CenterPoint,18.5,0.0912,0,Municipal_CityOfHouston,16.8,6.45,920.4,1185.2,1468.9,1812.5,1.045,1535.0,0
77220,48201,Harris,1.0,1.0,16617.0,8850.0,1.0,0.0,X,0,CenterPoint,4.39,0.0381,CenterPoint,18.5,0.0912,0,Municipal_CityOfHouston,16.8,6.45,920.4,1185.2,1468.9,1812.5,1.045,1535.0,0
77221,48201,Harris,1.0,1.0,1698.17,1695.0,1.0,0.0,X,0,CenterPoint,4.39,0.0381,CenterPoint,18.5,0.0912,0,Municipal_CityOfHouston,16.8,6.45,920.4,1185.2,1468.9,1812.5,1.045,1535.0,0
77222,48201,Harris,1.0,0.0,0.0,0.0,1.0,0.0,X,0,CenterPoint,4.39,0.0381,CenterPoint,18.5,0.0912,0,Municipal_CityOfHouston,16.8,6.45,920.4,1185.2,1468.9,1812.5,1.045,1535.0,0
77223,48201,Harris,1.0,0.0,0.0,0.0,1.0,0.0,X,0,CenterPoint,4.39,0.0381,CenterPoint,18.5,0.0912,0,Municipal_CityOfHouston,16.8,6.45,920.4,1185.2,1468.9,1812.5,1.045,1535.0,0
77224,48201,Harris,1.0,1.0,0.0,0.0,1.0,0.0,X,0,CenterPoint,4.39,0.0381,CenterPoint,18.5,0.0912,0,Municipal_CityOfHouston,16.8,6.45,920.4,1185.2,1468.9,1812.5,1.045,1535.0,0
77225,48201,Harris,1.0,4.0,259660.79,250000.0,1.0,0.0,X,0,CenterPoint,4.39,0.0381,CenterPoint,18.5,0.0912,0,Municipal_CityOfHouston,16.8,6.45,920.4,1185.2,1468.9,1812.5,1.045,1535.0,0
77226,48201,Harris,1.0,0.0,0.0,0.0,1.0,0.0,X,0,CenterPoint,4.39,0.0381,CenterPoint,18.5,0.0912,0,Municipal_CityOfHouston,16.8,6.45,920.4,1185.2,1468.9,1812.5,1.045,1535.0,0
77227,48201,Harris,1.0,12.0,4555.77,4982.42,1.0,0.0,X,0,CenterPoint,4.39,0.0381,CenterPoint,18.5,0.0912,0,Municipal_CityOfHouston,16.8,6.45,920.4,1185.2,1468.9,1812.5,1.045,1535.0,0
77228,48201,Harris,1.0,1.0,7000.0,0.0,1.0,0.0,X,0,CenterPoint,4.39,0.0381,CenterPoint,18.5,0.0912,0,Municipal_CityOfHouston,16.8,6.45,920.4,1185.2,1468.9,1812.5,1.045,1535.0,0
77230,48201,Harris,1.0,0.0,0.0,0.0,1.0,0.0,X,0,CenterPoint,4.39,0.0381,CenterPoint,18.5,0.0912,0,Municipal_CityOfHouston,16.8,6.45,920.4,1185.2,1468.9,1812.5,1.045,1535.0,0
77231,48201,Harris,1.0,0.0,0.0,0.0,1.0,0.0,X,0,CenterPoint,4.39,0.0381,CenterPoint,18.5,0.0912,0,Municipal_CityOfHouston,16.8,6.45,920.4,1185.2,1468.9,1812.5,1.045,1535.0,0
77233,48201,Harris,1.0,1.0,3680.23,0.0,1.0,0.0,X,0,CenterPoint,4.39,0.0381,CenterPoint,18.5,0.0912,0,Municipal_CityOfHouston,16.8,6.45,920.4,1185.2,1468.9,1812.5,1.045,1535.0,0
77234,48201,Harris,1.0,18.0,10795.56,1408.14,1.0,0.0,X,0,CenterPoint,4.39,0.0381,CenterPoint,18.5,0.0912,0,Municipal_CityOfHouston,16.8,6.45,920.4,1185.2,1468.9,1812.5,1.045,1535.0,0
77235,48201,Harris,1.0,4.0,317.75,91.75,1.0,0.0,X,0,CenterPoint,4.39,0.0381,CenterPoint,18.5,0.0912,0,Municipal_CityOfHouston,16.8,6.45,920.4,1185.2,1468.9,1812.5,1.045,1535.0,0
77236,48201,Harris,1.0,6.0,1733.32,837.98,1.0,0.0,X,0,CenterPoint,4.39,0.0381,CenterPoint,18.5,0.0912,0,Municipal_CityOfHouston,16.8,6.45,920.4,1185.2,1468.9,1812.5,1.045,1535.0,0
77237,48201,Harris,1.0,1.0,6050.13,0.0,1.0,0.0,X,0,CenterPoint,4.39,0.0381,CenterPoint,18.5,0.0912,0,Municipal_CityOfHouston,16.8,6.45,920.4,1185.2,1468.9,1812.5,1.045,1535.0,0
77238,48201,Harris,1.0,2.0,8853.66,1637.23,1.0,0.0,X,0,CenterPoint,4.39,0.0381,CenterPoint,18.5,0.0912,0,Municipal_CityOfHouston,16.8,6.45,920.4,1185.2,1468.9,1812.5,1.045,1535.0,0
77240,48201,Harris,1.0,1.0,0.0,0.0,1.0,0.0,X,0,CenterPoint,4.39,0.0381,CenterPoint,18.5,0.0912,0,Municipal_CityOfHouston,16.8,6.45,920.4,1185.2,1468.9,1812.5,1.045,1535.0,0
77241,48201,Harris,1.0,0.0,0.0,0.0,1.0,0.0,X,0,CenterPoint,4.39,0.0381,CenterPoint,18.5,0.0912,0,Municipal_CityOfHouston,16.8,6.45,920.4,1185.2,1468.9,1812.5,1.045,1535.0,0
77242,48201,Harris,1.0,1.0,10759.5,0.0,1.0,0.0,X,0,CenterPoint,4.39,0.0381,CenterPoint,18.5,0.0912,0,Municipal_CityOfHouston,16.8,6.45,920.4,1185.2,1468.9,1812.5,1.045,1535.0,0
77243,48201,Harris,1.0,0.0,0.0,0.0,1.0,0.0,X,0,CenterPoint,4.39,0.0381,CenterPoint,18.5,0.0912,0,Municipal_CityOfHouston,16.8,6.45,920.4,1185.2,1468.9,1812.5,1.045,1535.0,0
77244,48201,Harris,1.0,1.0,0.0,0.0,1.0,0.0,X,0,CenterPoint,4.39,0.0381,CenterPoint,18.5,0.0912,0,Municipal_CityOfHouston,16.8,6.45,920.4,1185.2,1468.9,1812.5,1.045,1535.0,0
77245,48201,Harris,1.0,7.0,5271.66,1931.57,1.0,0.0,X,0,CenterPoint,4.39,0.0381,CenterPoint,18.5,0.0912,0,Municipal_CityOfHouston,16.8,6.45,920.4,1185.2,1468.9,1812.5,1.045,1535.0,0
77248,48201,Harris,1.0,0.0,0.0,0.0,1.0,0.0,X,0,CenterPoint,4.39,0.0381,CenterPoint,18.5,0.0912,0,Municipal_CityOfHouston,16.8,6.45,920.4,1185.2,1468.9,1812.5,1.045,1535.0,0
77249,48201,Harris,1.0,0.0,0.0,0.0,1.0,0.0,X,0,CenterPoint,4.39,0.0381,CenterPoint,18.5,0.0912,0,Municipal_CityOfHouston,16.8,6.45,920.4,1185.2,1468.9,1812.5,1.045,1535.0,0
77251,48201,Harris,1.0,7.0,6281.18,9046.31,1.0,0.0,X,0,CenterPoint,4.39,0.0381,CenterPoint,18.5,0.0912,0,Municipal_CityOfHouston,16.8,6.45,920.4,1185.2,1468.9,1812.5,1.045,1535.0,0
77252,48201,Harris,1.0,12.0,28062.75,1184.81,1.0,0.0,X,0,CenterPoint,4.39,0.0381,CenterPoint,18.5,0.0912,0,Municipal_CityOfHouston,16.8,6.45,920.4,1185.2,1468.9,1812.5,1.045,1535.0,0
77253,48201,Harris,1.0,3.0,9298.99,0.0,1.0,0.0,X,0,CenterPoint,4.39,0.0381,CenterPoint,18.5,0.0912,0,Municipal_CityOfHouston,16.8,6.45,920.4,1185.2,1468.9,1812.5,1.045,1535.0,0
77254,48201,Harris,1.0,0.0,0.0,0.0,1.0,0.0,X,0,CenterPoint,4.39,0.0381,CenterPoint,18.5,0.0912,0,Municipal_CityOfHouston,16.8,6.45,920.4,1185.2,1468.9,1812.5,1.045,1535.0,0
77255,48201,Harris,1.0,1.0,0.0,0.0,1.0,0.0,X,0,CenterPoint,4.39,0.0381,CenterPoint,18.5,0.0912,0,Municipal_CityOfHouston,16.8,6.45,920.4,1185.2,1468.9,1812.5,1.045,1535.0,0
77256,48201,Harris,1.0,2.0,598.62,0.0,1.0,0.0,X,0,CenterPoint,4.39,0.0381,CenterPoint,18.5,0.0912,0,Municipal_CityOfHouston,16.8,6.45,920.4,1185.2,1468.9,1812.5,1.045,1535.0,0
77257,48201,Harris,1.0,1.0,69000.0,0.0,1.0,0.0,X,0,CenterPoint,4.39,0.0381,CenterPoint,18.5,0.0912,0,Municipal_CityOfHouston,16.8,6.45,920.4,1185.2,1468.9,1812.5,1.045,1535.0,0
77258,48201,Harris,1.0,10.0,12324.96,1073.33,1.0,0.0,X,0,CenterPoint,4.39,0.0381,CenterPoint,18.5,0.0912,0,Municipal_CityOfHouston,16.8,6.45,920.4,1185.2,1468.9,1812.5,1.045,1535.0,0
77259,48201,Harris,1.0,0.0,0.0,0.0,1.0,0.0,X,0,CenterPoint,4.39,0.0381,CenterPoint,18.5,0.0912,0,Municipal_CityOfHouston,16.8,6.45,920.4,1185.2,1468.9,1812.5,1.045,1535.0,0
77261,48201,Harris,1.0,2.0,33414.14,10000.0,1.0,0.0,X,0,CenterPoint,4.39,0.0381,CenterPoint,18.5,0.0912,0,Municipal_CityOfHouston,16.8,6.45,920.4,1185.2,1468.9,1812.5,1.045,1535.0,0
77262,48201,Harris,1.0,24.0,61.99,852.54,1.0,0.0,X,0,CenterPoint,4.39,0.0381,CenterPoint,18.5,0.0912,0,Municipal_CityOfHouston,16.8,6.45,920.4,1185.2,1468.9,1812.5,1.045,1535.0,0
77263,48201,Harris,1.0,0.0,0.0,0.0,1.0,0.0,X,0,CenterPoint,4.39,0.0381,CenterPoint,18.5,0.0912,0,Municipal_CityOfHouston,16.8,6.45,920.4,1185.2,1468.9,1812.5,1.045,1535.0,0
77265,48201,Harris,1.0,6.0,5539.48,1688.67,1.0,0.0,X,0,CenterPoint,4.39,0.0381,CenterPoint,18.5,0.0912,0,Municipal_CityOfHouston,16.8,6.45,920.4,1185.2,1468.9,1812.5,1.045,1535.0,0
77266,48201,Harris,1.0,2.0,2824.64,0.0,1.0,0.0,X,0,CenterPoint,4.39,0.0381,CenterPoint,18.5,0.0912,0,Municipal_CityOfHouston,16.8,6.45,920.4,1185.2,1468.9,1812.5,1.045,1535.0,0
77267,48201,Harris,1.0,0.0,0.0,0.0,1.0,0.0,X,0,CenterPoint,4.39,0.0381,CenterPoint,18.5,0.0912,0,Municipal_CityOfHouston,16.8,6.45,920.4,1185.2,1468.9,1812.5,1.045,1535.0,0
77268,48201,Harris,1.0,0.0,0.0,0.0,1.0,0.0,X,0,CenterPoint,4.39,0.0381,CenterPoint,18.5,0.0912,0,Municipal_CityOfHouston,16.8,6.45,920.4,1185.2,1468.9,1812.5,1.045,1535.0,0
77269,48201,Harris,1.0,0.0,0.0,0.0,1.0,0.0,X,0,CenterPoint,4.39,0.0381,CenterPoint,18.5,0.0912,0,Municipal_CityOfHouston,16.8,6.45,920.4,1185.2,1468.9,1812.5,1.045,1535.0,0
77270,48201,Harris,1.0,3.0,3933.24,0.0,1.0,0.0,X,0,CenterPoint,4.39,0.0381,CenterPoint,18.5,0.0912,0,Municipal_CityOfHouston,16.8,6.45,920.4,1185.2,1468.9,1812.5,1.045,1535.0,0
77271,48201,Harris,1.0,0.0,0.0,0.0,1.0,0.0,X,0,CenterPoint,4.39,0.0381,CenterPoint,18.5,0.0912,0,Municipal_CityOfHouston,16.8,6.45,920.4,1185.2,1468.9,1812.5,1.045,1535.0,0
77272,48201,Harris,1.0,1.0,33499.34,12630.19,1.0,0.0,X,0,CenterPoint,4.39,0.0381,CenterPoint,18.5,0.0912,0,Municipal_CityOfHouston,16.8,6.45,920.4,1185.2,1468.9,1812.5,1.045,1535.0,0
77273,48201,Harris,1.0,0.0,0.0,0.0,1.0,0.0,X,0,CenterPoint,4.39,0.0381,CenterPoint,18.5,0.0912,0,Municipal_CityOfHouston,16.8,6.45,920.4,1185.2,1468.9,1812.5,1.045,1535.0,0
77274,48201,Harris,1.0,0.0,0.0,0.0,1.0,0.0,X,0,CenterPoint,4.39,0.0381,CenterPoint,18.5,0.0912,0,Municipal_CityOfHouston,16.8,6.45,920.4,1185.2,1468.9,1812.5,1.045,1535.0,0
77275,48201,Harris,1.0,0.0,0.0,0.0,1.0,0.0,X,0,CenterPoint,4.39,0.0381,CenterPoint,18.5,0.0912,0,Municipal_CityOfHouston,16.8,6.45,920.4,1185.2,1468.9,1812.5,1.045,1535.0,0
77277,48201,Harris,1.0,0.0,0.0,0.0,1.0,0.0,X,0,CenterPoint,4.39,0.0381,CenterPoint,18.5,0.0912,0,Municipal_CityOfHouston,16.8,6.45,920.4,1185.2,1468.9,1812.5,1.045,1535.0,0
77279,48201,Harris,1.0,1.0,749.68,0.0,1.0,0.0,X,0,CenterPoint,4.39,0.0381,CenterPoint,18.5,0.0912,0,Municipal_CityOfHouston,16.8,6.45,920.4,1185.2,1468.9,1812.5,1.045,1535.0,0
77280,48201,Harris,1.0,0.0,0.0,0.0,1.0,0.0,X,0,CenterPoint,4.39,0.0381,CenterPoint,18.5,0.0912,0,Municipal_CityOfHouston,16.8,6.45,920.4,1185.2,1468.9,1812.5,1.045,1535.0,0
77282,48201,Harris,1.0,0.0,0.0,0.0,1.0,0.0,X,0,CenterPoint,4.39,0.0381,CenterPoint,18.5,0.0912,0,Municipal_CityOfHouston,16.8,6.45,920.4,1185.2,1468.9,1812.5,1.045,1535.0,0
77284,48201,Harris,1.0,0.0,0.0,0.0,1.0,0.0,X,0,CenterPoint,4.39,0.0381,CenterPoint,18.5,0.0912,0,Municipal_CityOfHouston,16.8,6.45,920.4,1185.2,1468.9,1812.5,1.045,1535.0,0
77287,48201,Harris,1.0,2.0,3288.98,434.5,1.0,0.0,X,0,CenterPoint,4.39,0.0381,CenterPoint,18.5,0.0912,0,Municipal_CityOfHouston,16.8,6.45,920.4,1185.2,1468.9,1812.5,1.045,1535.0,0
77288,48201,Harris,1.0,0.0,0.0,0.0,1.0,0.0,X,0,CenterPoint,4.39,0.0381,CenterPoint,18.5,0.0912,0,Municipal_CityOfHouston,16.8,6.45,920.4,1185.2,1468.9,1812.5,1.045,1535.0,0
77289,48201,Harris,1.0,0.0,0.0,0.0,1.0,0.0,X,0,CenterPoint,4.39,0.0381,CenterPoint,18.5,0.0912,0,Municipal_CityOfHouston,16.8,6.45,920.4,1185.2,1468.9,1812.5,1.045,1535.0,0
77290,48201,Harris,1.0,0.0,0.0,0.0,1.0,0.0,X,0,CenterPoint,4.39,0.0381,CenterPoint,18.5,0.0912,0,Municipal_CityOfHouston,16.8,6.45,920.4,1185.2,1468.9,1812.5,1.045,1535.0,0
77291,48201,Harris,1.0,0.0,0.0,0.0,1.0,0.0,X,0,CenterPoint,4.39,0.0381,CenterPoint,18.5,0.0912,0,Municipal_CityOfHouston,16.8,6.45,920.4,1185.2,1468.9,1812.5,1.045,1535.0,0
77292,48201,Harris,1.0,0.0,0.0,0.0,1.0,0.0,X,0,CenterPoint,4.39,0.0381,CenterPoint,18.5,0.0912,0,Municipal_CityOfHouston,16.8,6.45,920.4,1185.2,1468.9,1812.5,1.045,1535.0,0
77293,48201,Harris,1.0,0.0,0.0,0.0,1.0,0.0,X,0,CenterPoint,4.39,0.0381,CenterPoint,18.5,0.0912,0,Municipal_CityOfHouston,16.8,6.45,920.4,1185.2,1468.9,1812.5,1.045,1535.0,0
77315,48201,Harris,0.0,0.0,0.0,0.0,1.0,0.0,X,0,CenterPoint,4.39,0.0381,CenterPoint,18.5,0.0912,0,Municipal_CityOfHouston,16.8,6.45,920.4,1185.2,1468.9,1812.5,1.045,1535.0,0
77325,48201,Harris,1.0,2.0,11874.5,0.0,1.0,0.0,X,0,CenterPoint,4.39,0.0381,CenterPoint,18.5,0.0912,0,Municipal_CityOfHouston,16.8,6.45,920.4,1185.2,1468.9,1812.5,1.045,1535.0,0
77336,48201,Harris,1.0,896.0,46971.87,13051.34,1.0,0.0,X,1,CenterPoint,4.39,0.0381,CenterPoint,18.5,0.0985,1,Suburban_MUD,28.5,8.5,920.4,1185.2,1468.9,1812.5,1.045,1535.0,0
77338,48201,Harris,1.0,1510.0,46767.04,17934.44,1.0,0.0,X,1,CenterPoint,4.39,0.0381,CenterPoint,18.5,0.0985,1,Suburban_MUD,28.5,8.5,920.4,1185.2,1468.9,1812.5,1.045,1535.0,0
77339,48201,Harris,0.67909699878686,3154.0,79283.31,23445.38,1.0,0.0,X,1,CenterPoint,4.39,0.0381,CenterPoint,18.5,0.0985,1,Suburban_MUD,28.5,8.5,920.4,1185.2,1468.9,1812.5,1.045,1535.0,0
77345,48201,Harris,1.0,849.0,149562.3,46730.77,1.0,0.0,X,1,CenterPoint,4.39,0.0381,CenterPoint,18.5,0.0985,1,Suburban_MUD,28.5,8.5,920.4,1185.2,1468.9,1812.5,1.045,1535.0,0
77346,48201,Harris,1.0,746.0,91742.74,29862.59,1.0,0.0,X,1,CenterPoint,4.39,0.0381,CenterPoint,18.5,0.0985,1,Suburban_MUD,28.5,8.5,920.4,1185.2,1468.9,1812.5,1.045,1535.0,0
77347,48201,Harris,1.0,15.0,6670.56,1546.5,1.0,0.0,X,0,CenterPoint,4.39,0.0381,CenterPoint,18.5,0.0912,0,Municipal_CityOfHouston,16.8,6.45,920.4,1185.2,1468.9,1812.5,1.045,1535.0,0
77357,48201,Harris,0.013520496038581,67.0,58555.77,21529.72,1.0,0.0,X,0,CenterPoint,4.39,0.0381,CenterPoint,18.5,0.0912,0,Municipal_CityOfHouston,16.8,6.45,920.4,1185.2,1468.9,1812.5,1.045,1535.0,0
77365,48201,Harris,0.043918373931279,65.0,24047.29,6449.28,1.0,0.0,X,0,CenterPoint,4.39,0.0381,CenterPoint,18.5,0.0912,0,Municipal_CityOfHouston,16.8,6.45,920.4,1185.2,1468.9,1812.5,1.045,1535.0,0
77373,48201,Harris,1.0,1086.0,55891.67,14879.6,15.0,0.0,AE,1,CenterPoint,4.39,0.0381,CenterPoint,18.5,0.0985,1,Suburban_MUD,28.5,8.5,920.4,1185.2,1468.9,1812.5,1.045,1535.0,0
77375,48201,Harris,1.0,698.0,55096.95,16790.61,1.0,0.0,X,1,CenterPoint,4.39,0.0381,CenterPoint,18.5,0.0985,1,Suburban_MUD,28.5,8.5,920.4,1185.2,1468.9,1812.5,1.045,1535.0,0
77377,48201,Harris,1.0,346.0,33088.62,9526.93,1.0,0.0,X,1,CenterPoint,4.39,0.0381,CenterPoint,18.5,0.0985,1,Suburban_MUD,28.5,8.5,920.4,1185.2,1468.9,1812.5,1.045,1535.0,0
77379,48201,Harris,1.0,1391.0,79541.37,26299.3,15.0,0.0,AE,1,CenterPoint,4.39,0.0381,CenterPoint,18.5,0.0985,1,Suburban_MUD,28.5,8.5,920.4,1185.2,1468.9,1812.5,1.045,1535.0,0
77383,48201,Harris,1.0,4.0,1785.42,534.95,1.0,0.0,X,0,CenterPoint,4.39,0.0381,CenterPoint,18.5,0.0912,0,Municipal_CityOfHouston,16.8,6.45,920.4,1185.2,1468.9,1812.5,1.045,1535.0,0
77388,48201,Harris,1.0,840.0,41241.69,14841.76,15.0,0.0,AE,1,CenterPoint,4.39,0.0381,CenterPoint,18.5,0.0985,1,Suburban_MUD,28.5,8.5,920.4,1185.2,1468.9,1812.5,1.045,1535.0,0
77389,48201,Harris,1.0,450.0,53957.29,13172.04,15.0,0.0,AE,1,CenterPoint,4.39,0.0381,CenterPoint,18.5,0.0985,1,Suburban_MUD,28.5,8.5,920.4,1185.2,1468.9,1812.5,1.045,1535.0,0
77391,48201,Harris,1.0,2.0,95850.77,15000.0,1.0,0.0,X,0,CenterPoint,4.39,0.0381,CenterPoint,18.5,0.0912,0,Municipal_CityOfHouston,16.8,6.45,920.4,1185.2,1468.9,1812.5,1.045,1535.0,0
77396,48201,Harris,1.0,928.0,21980.52,6442.94,1.0,0.0,X,1,CenterPoint,4.39,0.0381,CenterPoint,18.5,0.0985,1,Suburban_MUD,28.5,8.5,920.4,1185.2,1468.9,1812.5,1.045,1535.0,0
77401,48201,Harris,1.0,3302.0,63266.1,13573.64,1.0,0.0,X,0,CenterPoint,4.39,0.0381,CenterPoint,18.5,0.0912,0,Municipal_CityOfHouston,16.8,6.45,920.4,1185.2,1468.9,1812.5,1.045,1535.0,0
77402,48201,Harris,1.0,2.0,474.16,0.0,1.0,0.0,X,0,CenterPoint,4.39,0.0381,CenterPoint,18.5,0.0912,0,Municipal_CityOfHouston,16.8,6.45,920.4,1185.2,1468.9,1812.5,1.045,1535.0,0
77406,48157,Fort Bend,1.0,953.0,55107.38,14236.03,15.0,0.0,AE,1,CenterPoint,4.39,0.0381,CenterPoint,18.5,0.0985,1,Suburban_MUD,28.5,8.5,920.4,1185.2,1468.9,1812.5,1.045,1535.0,0
77407,48157,Fort Bend,1.0,194.0,47837.63,19700.56,1.0,0.0,X,1,CenterPoint,4.39,0.0381,CenterPoint,18.5,0.0985,1,Suburban_MUD,28.5,8.5,920.4,1185.2,1468.9,1812.5,1.045,1535.0,0
77410,48201,Harris,1.0,0.0,0.0,0.0,1.0,0.0,X,0,CenterPoint,4.39,0.0381,CenterPoint,18.5,0.0912,0,Municipal_CityOfHouston,16.8,6.45,920.4,1185.2,1468.9,1812.5,1.045,1535.0,0
77411,48201,Harris,1.0,4.0,8625.0,0.0,1.0,0.0,X,0,CenterPoint,4.39,0.0381,CenterPoint,18.5,0.0912,0,Municipal_CityOfHouston,16.8,6.45,920.4,1185.2,1468.9,1812.5,1.045,1535.0,0
77413,48201,Harris,1.0,0.0,0.0,0.0,1.0,0.0,X,0,CenterPoint,4.39,0.0381,CenterPoint,18.5,0.0912,0,Municipal_CityOfHouston,16.8,6.45,920.4,1185.2,1468.9,1812.5,1.045,1535.0,0
77417,48157,Fort Bend,1.0,15.0,20530.22,7604.27,1.0,0.0,X,1,CenterPoint,4.39,0.0381,CenterPoint,18.5,0.0985,1,Suburban_MUD,28.5,8.5,920.4,1185.2,1468.9,1812.5,1.045,1535.0,0
77420,48157,Fort Bend,0.0083270249810749,1.0,83580.17,861.19,1.0,0.0,X,1,CenterPoint,4.39,0.0381,CenterPoint,18.5,0.0985,1,Suburban_MUD,28.5,8.5,920.4,1185.2,1468.9,1812.5,1.045,1535.0,0
77423,48157,Fort Bend,0.24211749087288,60.0,48581.99,14754.83,1.0,0.0,X,1,CenterPoint,4.39,0.0381,CenterPoint,18.5,0.0985,1,Suburban_MUD,28.5,8.5,920.4,1185.2,1468.9,1812.5,1.045,1535.0,0
77429,48201,Harris,1.0,2749.0,61963.33,17855.63,1.0,0.0,X,1,CenterPoint,4.39,0.0381,CenterPoint,18.5,0.0985,1,Suburban_MUD,28.5,8.5,920.4,1185.2,1468.9,1812.5,1.045,1535.0,0
77430,48157,Fort Bend,0.43464730290456,41.0,13217.54,3772.13,1.0,0.0,X,1,CenterPoint,4.39,0.0381,CenterPoint,18.5,0.0985,1,Suburban_MUD,28.5,8.5,920.4,1185.2,1468.9,1812.5,1.045,1535.0,0
77433,48201,Harris,1.0,467.0,46575.02,15092.18,1.0,0.0,X,1,CenterPoint,4.39,0.0381,CenterPoint,18.5,0.0985,1,Suburban_MUD,28.5,8.5,920.4,1185.2,1468.9,1812.5,1.045,1535.0,0
77435,48157,Fort Bend,0.096168294515402,2.0,47073.76,16269.1,1.0,0.0,X,1,CenterPoint,4.39,0.0381,CenterPoint,18.5,0.0985,1,Suburban_MUD,28.5,8.5,920.4,1185.2,1468.9,1812.5,1.045,1535.0,0
77441,48157,Fort Bend,1.0,96.0,72419.88,21220.27,1.0,0.0,X,1,CenterPoint,4.39,0.0381,CenterPoint,18.5,0.0985,1,Suburban_MUD,28.5,8.5,920.4,1185.2,1468.9,1812.5,1.045,1535.0,0
77444,48157,Fort Bend,0.68705035971223,14.0,50089.6,11326.33,1.0,0.0,X,1,CenterPoint,4.39,0.0381,CenterPoint,18.5,0.0985,1,Suburban_MUD,28.5,8.5,920.4,1185.2,1468.9,1812.5,1.045,1535.0,0
77445,48201,Harris,0.0011336583153837,0.0,0.0,0.0,1.0,0.0,X,0,CenterPoint,4.39,0.0381,CenterPoint,18.5,0.0912,0,Municipal_CityOfHouston,16.8,6.45,920.4,1185.2,1468.9,1812.5,1.045,1535.0,0
77447,48201,Harris,0.70734712738101,110.0,26008.98,5347.63,1.0,0.0,X,0,CenterPoint,4.39,0.0381,CenterPoint,18.5,0.0912,0,Municipal_CityOfHouston,16.8,6.45,920.4,1185.2,1468.9,1812.5,1.045,1535.0,0
77449,48201,Harris,1.0,414.0,32561.25,6577.82,1.0,0.0,X,1,CenterPoint,4.39,0.0381,CenterPoint,18.5,0.0985,1,Suburban_MUD,28.5,8.5,920.4,1185.2,1468.9,1812.5,1.045,1535.0,0
77450,48201,Harris,0.71621621621622,1616.0,85349.07,31628.04,1.0,0.0,X,1,CenterPoint,4.39,0.0381,CenterPoint,18.5,0.0985,1,Suburban_MUD,28.5,8.5,920.4,1185.2,1468.9,1812.5,1.045,1535.0,0
77451,48157,Fort Bend,1.0,6.0,10283.0,75.67,1.0,0.0,X,1,CenterPoint,4.39,0.0381,CenterPoint,18.5,0.0985,1,Suburban_MUD,28.5,8.5,920.4,1185.2,1468.9,1812.5,1.045,1535.0,0
77459,48157,Fort Bend,1.0,999.0,10657.1,2829.04,15.0,0.0,AE,1,CenterPoint,4.39,0.0381,CenterPoint,18.5,0.0985,1,Suburban_MUD,28.5,8.5,920.4,1185.2,1468.9,1812.5,1.045,1535.0,0
77461,48157,Fort Bend,1.0,157.0,38037.37,10014.04,1.0,0.0,X,1,CenterPoint,4.39,0.0381,CenterPoint,18.5,0.0985,1,Suburban_MUD,28.5,8.5,920.4,1185.2,1468.9,1812.5,1.045,1535.0,0
77464,48157,Fort Bend,0.0,8.0,27179.83,5753.24,1.0,0.0,X,1,CenterPoint,4.39,0.0381,CenterPoint,18.5,0.0985,1,Suburban_MUD,28.5,8.5,920.4,1185.2,1468.9,1812.5,1.045,1535.0,0
77469,48157,Fort Bend,1.0,435.0,25099.84,4611.59,15.0,0.0,AE,1,CenterPoint,4.39,0.0381,CenterPoint,18.5,0.0985,1,Suburban_MUD,28.5,8.5,920.4,1185.2,1468.9,1812.5,1.045,1535.0,0
77471,48157,Fort Bend,1.0,335.0,25781.54,4187.83,15.0,0.0,AE,1,CenterPoint,4.39,0.0381,CenterPoint,18.5,0.0985,1,Suburban_MUD,28.5,8.5,920.4,1185.2,1468.9,1812.5,1.045,1535.0,0
77476,48157,Fort Bend,0.0,565.0,61268.8,16775.99,1.0,0.0,X,1,CenterPoint,4.39,0.0381,CenterPoint,18.5,0.0985,1,Suburban_MUD,28.5,8.5,920.4,1185.2,1468.9,1812.5,1.045,1535.0,0
77477,48157,Fort Bend,0.89659813999021,295.0,10660.83,2573.65,1.0,0.0,X,1,CenterPoint,4.39,0.0381,CenterPoint,18.5,0.0985,1,Suburban_MUD,28.5,8.5,920.4,1185.2,1468.9,1812.5,1.045,1535.0,0
77478,48157,Fort Bend,1.0,271.0,9888.21,1477.96,1.0,0.0,X,1,CenterPoint,4.39,0.0381,CenterPoint,18.5,0.0985,1,Suburban_MUD,28.5,8.5,920.4,1185.2,1468.9,1812.5,1.045,1535.0,0
77479,48157,Fort Bend,1.0,602.0,35644.41,10760.46,15.0,0.0,AE,1,CenterPoint,4.39,0.0381,CenterPoint,18.5,0.0985,1,Suburban_MUD,28.5,8.5,920.4,1185.2,1468.9,1812.5,1.045,1535.0,0
77481,48157,Fort Bend,1.0,21.0,32927.58,8031.37,1.0,0.0,X,1,CenterPoint,4.39,0.0381,CenterPoint,18.5,0.0985,1,Suburban_MUD,28.5,8.5,920.4,1185.2,1468.9,1812.5,1.045,1535.0,0
77484,48201,Harris,0.39546619673182,13.0,22116.31,9400.62,1.0,0.0,X,1,CenterPoint,4.39,0.0381,CenterPoint,18.5,0.0985,1,Suburban_MUD,28.5,8.5,920.4,1185.2,1468.9,1812.5,1.045,1535.0,0
77485,48157,Fort Bend,0.38038147138965,176.0,80820.96,21455.98,1.0,0.0,X,1,CenterPoint,4.39,0.0381,CenterPoint,18.5,0.0985,1,Suburban_MUD,28.5,8.5,920.4,1185.2,1468.9,1812.5,1.045,1535.0,0
77487,48157,Fort Bend,1.0,1.0,0.0,0.0,1.0,0.0,X,1,CenterPoint,4.39,0.0381,CenterPoint,18.5,0.0985,1,Suburban_MUD,28.5,8.5,920.4,1185.2,1468.9,1812.5,1.045,1535.0,0
77489,48157,Fort Bend,0.97169462715246,341.0,6198.7,1275.58,1.0,0.0,X,1,CenterPoint,4.39,0.0381,CenterPoint,18.5,0.0985,1,Suburban_MUD,28.5,8.5,920.4,1185.2,1468.9,1812.5,1.045,1535.0,0
77491,48201,Harris,1.0,0.0,0.0,0.0,1.0,0.0,X,0,CenterPoint,4.39,0.0381,CenterPoint,18.5,0.0912,0,Municipal_CityOfHouston,16.8,6.45,920.4,1185.2,1468.9,1812.5,1.045,1535.0,0
77492,48201,Harris,1.0,2.0,28895.12,0.0,1.0,0.0,X,0,CenterPoint,4.39,0.0381,CenterPoint,18.5,0.0912,0,Municipal_CityOfHouston,16.8,6.45,920.4,1185.2,1468.9,1812.5,1.045,1535.0,0
77493,48201,Harris,0.81695416917172,535.0,66331.35,15482.66,1.0,0.0,X,1,CenterPoint,4.39,0.0381,CenterPoint,18.5,0.0985,1,Suburban_MUD,28.5,8.5,920.4,1185.2,1468.9,1812.5,1.045,1535.0,0
77494,48157,Fort Bend,0.83351475114481,266.0,75710.83,19046.57,1.0,0.0,X,1,CenterPoint,4.39,0.0381,CenterPoint,18.5,0.0985,1,Suburban_MUD,28.5,8.5,920.4,1185.2,1468.9,1812.5,1.045,1535.0,0
77496,48157,Fort Bend,1.0,1.0,30010.24,0.0,1.0,0.0,X,1,CenterPoint,4.39,0.0381,CenterPoint,18.5,0.0985,1,Suburban_MUD,28.5,8.5,920.4,1185.2,1468.9,1812.5,1.045,1535.0,0
77497,48157,Fort Bend,1.0,1.0,0.0,0.0,1.0,0.0,X,1,CenterPoint,4.39,0.0381,CenterPoint,18.5,0.0985,1,Suburban_MUD,28.5,8.5,920.4,1185.2,1468.9,1812.5,1.045,1535.0,0
77498,48157,Fort Bend,1.0,262.0,21091.4,6284.42,1.0,0.0,X,1,CenterPoint,4.39,0.0381,CenterPoint,18.5,0.0985,1,Suburban_MUD,28.5,8.5,920.4,1185.2,1468.9,1812.5,1.045,1535.0,0
77501,48201,Harris,1.0,12.0,3324.09,118.99,1.0,0.0,X,0,CenterPoint,4.39,0.0381,CenterPoint,18.5,0.0912,0,Municipal_CityOfHouston,16.8,6.45,920.4,1185.2,1468.9,1812.5,1.045,1535.0,0
77502,48201,Harris,1.0,1313.0,24615.95,6084.42,1.0,0.0,X,0,CenterPoint,4.39,0.0381,CenterPoint,18.5,0.0912,0,Municipal_CityOfHouston,16.8,6.45,920.4,1185.2,1468.9,1812.5,1.045,1535.0,0
77503,48201,Harris,1.0,1799.0,15110.66,4084.24,1.0,0.0,X,0,CenterPoint,4.39,0.0381,CenterPoint,18.5,0.0912,0,Municipal_CityOfHouston,16.8,6.45,920.4,1185.2,1468.9,1812.5,1.045,1535.0,0
77504,48201,Harris,1.0,677.0,28129.14,4064.87,1.0,0.0,X,0,CenterPoint,4.39,0.0381,CenterPoint,18.5,0.0912,0,Municipal_CityOfHouston,16.8,6.45,920.4,1185.2,1468.9,1812.5,1.045,1535.0,0
77505,48201,Harris,1.0,2057.0,26572.32,6697.32,1.0,0.0,X,0,CenterPoint,4.39,0.0381,CenterPoint,18.5,0.0912,0,Municipal_CityOfHouston,16.8,6.45,920.4,1185.2,1468.9,1812.5,1.045,1535.0,0
77506,48201,Harris,1.0,928.0,20202.02,10854.95,1.0,0.0,X,0,CenterPoint,4.39,0.0381,CenterPoint,18.5,0.0912,0,Municipal_CityOfHouston,16.8,6.45,920.4,1185.2,1468.9,1812.5,1.045,1535.0,0
77507,48201,Harris,1.0,14.0,7230.06,1954.18,1.0,0.0,X,0,CenterPoint,4.39,0.0381,CenterPoint,18.5,0.0912,0,Municipal_CityOfHouston,16.8,6.45,920.4,1185.2,1468.9,1812.5,1.045,1535.0,0
77508,48201,Harris,1.0,7.0,13937.78,8390.19,1.0,0.0,X,0,CenterPoint,4.39,0.0381,CenterPoint,18.5,0.0912,0,Municipal_CityOfHouston,16.8,6.45,920.4,1185.2,1468.9,1812.5,1.045,1535.0,0
77510,48167,Galveston,0.99819106840023,1551.0,26114.45,10095.43,1.0,0.0,X,1,TNMP,7.85,0.0462,CenterPoint,18.5,0.0985,1,Suburban_MUD,28.5,8.5,920.4,1185.2,1468.9,1812.5,1.045,1535.0,1
77511,48167,Galveston,0.059092642012962,166.0,22100.57,8754.17,15.0,0.0,AE,1,TNMP,7.85,0.0462,CenterPoint,18.5,0.0985,1,Suburban_MUD,28.5,8.5,920.4,1185.2,1468.9,1812.5,1.045,1535.0,1
77517,48167,Galveston,0.99865555256789,422.0,33246.91,13248.38,15.0,0.0,AE,1,TNMP,7.85,0.0462,CenterPoint,18.5,0.0985,1,Suburban_MUD,28.5,8.5,920.4,1185.2,1468.9,1812.5,1.045,1535.0,1
77518,48167,Galveston,1.0,1109.0,19491.55,5890.35,42.0,18.5,VE,1,TNMP,7.85,0.0462,CenterPoint,18.5,0.0985,1,Suburban_MUD,28.5,8.5,920.4,1185.2,1468.9,1812.5,1.045,1535.0,1
77520,48201,Harris,1.0,1891.0,22587.32,7171.01,42.0,18.5,VE,0,CenterPoint,4.39,0.0381,CenterPoint,18.5,0.0912,0,Municipal_CityOfHouston,16.8,6.45,920.4,1185.2,1468.9,1812.5,1.045,1535.0,1
77521,48201,Harris,0.949278545602,1851.0,45535.68,15178.99,1.0,0.0,X,0,CenterPoint,4.39,0.0381,CenterPoint,18.5,0.0912,0,Municipal_CityOfHouston,16.8,6.45,920.4,1185.2,1468.9,1812.5,1.045,1535.0,0
77522,48201,Harris,1.0,47.0,10379.09,3561.17,1.0,0.0,X,0,CenterPoint,4.39,0.0381,CenterPoint,18.5,0.0912,0,Municipal_CityOfHouston,16.8,6.45,920.4,1185.2,1468.9,1812.5,1.045,1535.0,0
77523,48201,Harris,0.054892444910808,22.0,11749.05,3768.73,1.0,0.0,X,0,CenterPoint,4.39,0.0381,CenterPoint,18.5,0.0912,0,Municipal_CityOfHouston,16.8,6.45,920.4,1185.2,1468.9,1812.5,1.045,1535.0,0
77530,48201,Harris,1.0,926.0,14076.79,4632.76,1.0,0.0,X,0,CenterPoint,4.39,0.0381,CenterPoint,18.5,0.0912,0,Municipal_CityOfHouston,16.8,6.45,920.4,1185.2,1468.9,1812.5,1.045,1535.0,0
77532,48201,Harris,1.0,1152.0,34188.26,9807.7,1.0,0.0,X,0,CenterPoint,4.39,0.0381,CenterPoint,18.5,0.0912,0,Municipal_CityOfHouston,16.8,6.45,920.4,1185.2,1468.9,1812.5,1.045,1535.0,0
77536,48201,Harris,1.0,1855.0,18790.55,5705.16,1.0,0.0,X,0,CenterPoint,4.39,0.0381,CenterPoint,18.5,0.0912,0,Municipal_CityOfHouston,16.8,6.45,920.4,1185.2,1468.9,1812.5,1.045,1535.0,0
77539,48167,Galveston,1.0,8374.0,39645.38,14574.36,42.0,18.5,VE,1,TNMP,7.85,0.0462,CenterPoint,18.5,0.0985,1,Suburban_MUD,28.5,8.5,920.4,1185.2,1468.9,1812.5,1.045,1535.0,1
77545,48157,Fort Bend,0.99151882302034,93.0,28801.17,7502.53,1.0,0.0,X,1,CenterPoint,4.39,0.0381,CenterPoint,18.5,0.0985,1,Suburban_MUD,28.5,8.5,920.4,1185.2,1468.9,1812.5,1.045,1535.0,0
77546,48167,Galveston,0.56724531749657,5994.0,47800.74,18837.87,15.0,0.0,AE,1,TNMP,7.85,0.0462,CenterPoint,18.5,0.0985,1,Suburban_MUD,28.5,8.5,920.4,1185.2,1468.9,1812.5,1.045,1535.0,1
77547,48201,Harris,1.0,152.0,20298.34,3513.16,1.0,0.0,X,0,CenterPoint,4.39,0.0381,CenterPoint,18.5,0.0912,0,Municipal_CityOfHouston,16.8,6.45,920.4,1185.2,1468.9,1812.5,1.045,1535.0,0
77549,48167,Galveston,1.0,50.0,19092.95,5679.14,1.0,0.0,X,1,TNMP,7.85,0.0462,CenterPoint,18.5,0.0985,1,Suburban_MUD,28.5,8.5,920.4,1185.2,1468.9,1812.5,1.045,1535.0,1
77550,48167,Galveston,1.0,8116.0,32108.84,7191.61,42.0,18.5,VE,1,TNMP,7.85,0.0462,CenterPoint,18.5,0.0985,1,Suburban_MUD,28.5,8.5,920.4,1185.2,1468.9,1812.5,1.045,1535.0,1
77551,48167,Galveston,1.0,6502.0,42872.55,11663.35,42.0,18.5,VE,1,TNMP,7.85,0.0462,CenterPoint,18.5,0.0985,1,Suburban_MUD,28.5,8.5,920.4,1185.2,1468.9,1812.5,1.045,1535.0,1
77552,48167,Galveston,1.0,59.0,8946.61,1794.42,42.0,18.5,VE,1,TNMP,7.85,0.0462,CenterPoint,18.5,0.0985,1,Suburban_MUD,28.5,8.5,920.4,1185.2,1468.9,1812.5,1.045,1535.0,1
77553,48167,Galveston,1.0,112.0,10064.11,6487.31,1.0,0.0,X,1,TNMP,7.85,0.0462,CenterPoint,18.5,0.0985,1,Suburban_MUD,28.5,8.5,920.4,1185.2,1468.9,1812.5,1.045,1535.0,1
77554,48167,Galveston,1.0,6962.0,16834.27,3662.9,42.0,18.5,VE,1,TNMP,7.85,0.0462,CenterPoint,18.5,0.0985,1,Suburban_MUD,28.5,8.5,920.4,1185.2,1468.9,1812.5,1.045,1535.0,1
77555,48167,Galveston,0.0,19.0,110838.69,59904.49,1.0,0.0,X,1,TNMP,7.85,0.0462,CenterPoint,18.5,0.0985,1,Suburban_MUD,28.5,8.5,920.4,1185.2,1468.9,1812.5,1.045,1535.0,1
77562,48201,Harris,1.0,1035.0,16991.19,5519.52,1.0,0.0,X,0,CenterPoint,4.39,0.0381,CenterPoint,18.5,0.0912,0,Municipal_CityOfHouston,16.8,6.45,920.4,1185.2,1468.9,1812.5,1.045,1535.0,0
77563,48167,Galveston,1.0,4023.0,17490.85,5376.13,42.0,18.5,VE,1,TNMP,7.85,0.0462,CenterPoint,18.5,0.0985,1,Suburban_MUD,28.5,8.5,920.4,1185.2,1468.9,1812.5,1.045,1535.0,1
77565,48167,Galveston,1.0,3101.0,19592.04,7604.13,15.0,0.0,AE,1,TNMP,7.85,0.0462,CenterPoint,18.5,0.0985,1,Suburban_MUD,28.5,8.5,920.4,1185.2,1468.9,1812.5,1.045,1535.0,1
77568,48167,Galveston,1.0,1685.0,14930.36,5144.4,42.0,18.5,VE,1,TNMP,7.85,0.0462,CenterPoint,18.5,0.0985,1,Suburban_MUD,28.5,8.5,920.4,1185.2,1468.9,1812.5,1.045,1535.0,1
77571,48201,Harris,1.0,4797.0,25792.62,9445.61,42.0,18.5,VE,0,CenterPoint,4.39,0.0381,CenterPoint,18.5,0.0912,0,Municipal_CityOfHouston,16.8,6.45,920.4,1185.2,1468.9,1812.5,1.045,1535.0,1
77572,48201,Harris,1.0,29.0,4507.97,1319.77,1.0,0.0,X,0,CenterPoint,4.39,0.0381,CenterPoint,18.5,0.0912,0,Municipal_CityOfHouston,16.8,6.45,920.4,1185.2,1468.9,1812.5,1.045,1535.0,0
77573,48167,Galveston,1.0,4380.0,33600.66,11633.41,1.0,0.0,X,1,TNMP,7.85,0.0462,CenterPoint,18.5,0.0985,1,Suburban_MUD,28.5,8.5,920.4,1185.2,1468.9,1812.5,1.045,1535.0,1
77574,48167,Galveston,1.0,38.0,4725.96,1766.82,1.0,0.0,X,1,TNMP,7.85,0.0462,CenterPoint,18.5,0.0985,1,Suburban_MUD,28.5,8.5,920.4,1185.2,1468.9,1812.5,1.045,1535.0,1
77581,48201,Harris,0.089823734371797,403.0,31470.17,10678.33,1.0,0.0,X,0,CenterPoint,4.39,0.0381,CenterPoint,18.5,0.0912,0,Municipal_CityOfHouston,16.8,6.45,920.4,1185.2,1468.9,1812.5,1.045,1535.0,0
77583,48157,Fort Bend,0.27684308263695,54.0,29169.62,7153.53,1.0,0.0,X,1,CenterPoint,4.39,0.0381,CenterPoint,18.5,0.0985,1,Suburban_MUD,28.5,8.5,920.4,1185.2,1468.9,1812.5,1.045,1535.0,0
77584,48157,Fort Bend,0.057878503419606,42.0,10525.11,1607.97,1.0,0.0,X,1,CenterPoint,4.39,0.0381,CenterPoint,18.5,0.0985,1,Suburban_MUD,28.5,8.5,920.4,1185.2,1468.9,1812.5,1.045,1535.0,0
77586,48201,Harris,1.0,4791.0,24946.91,8149.58,42.0,18.5,VE,0,CenterPoint,4.39,0.0381,CenterPoint,18.5,0.0912,0,Municipal_CityOfHouston,16.8,6.45,920.4,1185.2,1468.9,1812.5,1.045,1535.0,1
77587,48201,Harris,1.0,1231.0,26656.06,4789.65,1.0,0.0,X,0,CenterPoint,4.39,0.0381,CenterPoint,18.5,0.0912,0,Municipal_CityOfHouston,16.8,6.45,920.4,1185.2,1468.9,1812.5,1.045,1535.0,0
77590,48167,Galveston,1.0,2632.0,4357.68,2006.63,42.0,18.5,VE,1,TNMP,7.85,0.0462,CenterPoint,18.5,0.0985,1,Suburban_MUD,28.5,8.5,920.4,1185.2,1468.9,1812.5,1.045,1535.0,1
77591,48167,Galveston,1.0,1010.0,17216.38,5941.4,42.0,18.5,VE,1,TNMP,7.85,0.0462,CenterPoint,18.5,0.0985,1,Suburban_MUD,28.5,8.5,920.4,1185.2,1468.9,1812.5,1.045,1535.0,1
77592,48167,Galveston,1.0,49.0,4720.62,2311.77,1.0,0.0,X,1,TNMP,7.85,0.0462,CenterPoint,18.5,0.0985,1,Suburban_MUD,28.5,8.5,920.4,1185.2,1468.9,1812.5,1.045,1535.0,1
77598,48201,Harris,1.0,902.0,23894.02,7659.93,1.0,0.0,X,0,CenterPoint,4.39,0.0381,CenterPoint,18.5,0.0912,0,Municipal_CityOfHouston,16.8,6.45,920.4,1185.2,1468.9,1812.5,1.045,1535.0,0
77617,48167,Galveston,1.0,741.0,58065.43,8910.68,1.0,0.0,X,1,TNMP,7.85,0.0462,CenterPoint,18.5,0.0985,1,Suburban_MUD,28.5,8.5,920.4,1185.2,1468.9,1812.5,1.045,1535.0,1
77623,48167,Galveston,1.0,19.0,52920.08,6818.04,1.0,0.0,X,1,TNMP,7.85,0.0462,CenterPoint,18.5,0.0985,1,Suburban_MUD,28.5,8.5,920.4,1185.2,1468.9,1812.5,1.045,1535.0,1
77650,48167,Galveston,1.0,3436.0,72572.22,11574.09,1.0,0.0,X,1,TNMP,7.85,0.0462,CenterPoint,18.5,0.0985,1,Suburban_MUD,28.5,8.5,920.4,1185.2,1468.9,1812.5,1.045,1535.0,1
