zip_code,county_fips,county_name,res_ratio,water_mud_flag,elec_provider,elec_base_monthly_fee,elec_delivery_rate_per_kwh,gas_provider,gas_base_monthly_fee,gas_distribution_rate_per_ccf,is_unincorporated_flag,water_service_type,water_base_monthly_fee,water_rate_per_1k_gal
77001,48201,Harris,1.0,0,CenterPoint,4.39,0.0381,CenterPoint,18.5,0.0912,0,Municipal_CityOfHouston,16.8,6.45
77002,48201,Harris,1.0,0,CenterPoint,4.39,0.0381,CenterPoint,18.5,0.0912,0,Municipal_CityOfHouston,16.8,6.45
77003,48201,Harris,1.0,0,CenterPoint,4.39,0.0381,CenterPoint,18.5,0.0912,0,Municipal_CityOfHouston,16.8,6.45
77004,48201,Harris,1.0,0,CenterPoint,4.39,0.0381,CenterPoint,18.5,0.0912,0,Municipal_CityOfHouston,16.8,6.45
77005,48201,Harris,1.0,0,CenterPoint,4.39,0.0381,CenterPoint,18.5,0.0912,0,Municipal_CityOfHouston,16.8,6.45
77006,48201,Harris,1.0,0,CenterPoint,4.39,0.0381,CenterPoint,18.5,0.0912,0,Municipal_CityOfHouston,16.8,6.45
77007,48201,Harris,1.0,0,CenterPoint,4.39,0.0381,CenterPoint,18.5,0.0912,0,Municipal_CityOfHouston,16.8,6.45
77008,48201,Harris,1.0,0,CenterPoint,4.39,0.0381,CenterPoint,18.5,0.0912,0,Municipal_CityOfHouston,16.8,6.45
77009,48201,Harris,1.0,0,CenterPoint,4.39,0.0381,CenterPoint,18.5,0.0912,0,Municipal_CityOfHouston,16.8,6.45
77010,48201,Harris,1.0,0,CenterPoint,4.39,0.0381,CenterPoint,18.5,0.0912,0,Municipal_CityOfHouston,16.8,6.45
77011,48201,Harris,1.0,0,CenterPoint,4.39,0.0381,CenterPoint,18.5,0.0912,0,Municipal_CityOfHouston,16.8,6.45
77012,48201,Harris,1.0,0,CenterPoint,4.39,0.0381,CenterPoint,18.5,0.0912,0,Municipal_CityOfHouston,16.8,6.45
77013,48201,Harris,1.0,0,CenterPoint,4.39,0.0381,CenterPoint,18.5,0.0912,0,Municipal_CityOfHouston,16.8,6.45
77014,48201,Harris,1.0,0,CenterPoint,4.39,0.0381,CenterPoint,18.5,0.0912,0,Municipal_CityOfHouston,16.8,6.45
77015,48201,Harris,1.0,0,CenterPoint,4.39,0.0381,CenterPoint,18.5,0.0912,0,Municipal_CityOfHouston,16.8,6.45
77016,48201,Harris,1.0,0,CenterPoint,4.39,0.0381,CenterPoint,18.5,0.0912,0,Municipal_CityOfHouston,16.8,6.45
77017,48201,Harris,1.0,0,CenterPoint,4.39,0.0381,CenterPoint,18.5,0.0912,0,Municipal_CityOfHouston,16.8,6.45
77018,48201,Harris,1.0,0,CenterPoint,4.39,0.0381,CenterPoint,18.5,0.0912,0,Municipal_CityOfHouston,16.8,6.45
77019,48201,Harris,1.0,0,CenterPoint,4.39,0.0381,CenterPoint,18.5,0.0912,0,Municipal_CityOfHouston,16.8,6.45
77020,48201,Harris,1.0,0,CenterPoint,4.39,0.0381,CenterPoint,18.5,0.0912,0,Municipal_CityOfHouston,16.8,6.45
77021,48201,Harris,1.0,0,CenterPoint,4.39,0.0381,CenterPoint,18.5,0.0912,0,Municipal_CityOfHouston,16.8,6.45
77022,48201,Harris,1.0,0,CenterPoint,4.39,0.0381,CenterPoint,18.5,0.0912,0,Municipal_CityOfHouston,16.8,6.45
77023,48201,Harris,1.0,0,CenterPoint,4.39,0.0381,CenterPoint,18.5,0.0912,0,Municipal_CityOfHouston,16.8,6.45
77024,48201,Harris,1.0,0,CenterPoint,4.39,0.0381,CenterPoint,18.5,0.0912,0,Municipal_CityOfHouston,16.8,6.45
77025,48201,Harris,1.0,0,CenterPoint,4.39,0.0381,CenterPoint,18.5,0.0912,0,Municipal_CityOfHouston,16.8,6.45
77026,48201,Harris,1.0,0,CenterPoint,4.39,0.0381,CenterPoint,18.5,0.0912,0,Municipal_CityOfHouston,16.8,6.45
77027,48201,Harris,1.0,0,CenterPoint,4.39,0.0381,CenterPoint,18.5,0.0912,0,Municipal_CityOfHouston,16.8,6.45
77028,48201,Harris,1.0,0,CenterPoint,4.39,0.0381,CenterPoint,18.5,0.0912,0,Municipal_CityOfHouston,16.8,6.45
77029,48201,Harris,1.0,0,CenterPoint,4.39,0.0381,CenterPoint,18.5,0.0912,0,Municipal_CityOfHouston,16.8,6.45
77030,48201,Harris,1.0,0,CenterPoint,4.39,0.0381,CenterPoint,18.5,0.0912,0,Municipal_CityOfHouston,16.8,6.45
77031,48201,Harris,0.99878048780488,0,CenterPoint,4.39,0.0381,CenterPoint,18.5,0.0912,0,Municipal_CityOfHouston,16.8,6.45
77032,48201,Harris,1.0,0,CenterPoint,4.39,0.0381,CenterPoint,18.5,0.0912,0,Municipal_CityOfHouston,16.8,6.45
77033,48201,Harris,1.0,0,CenterPoint,4.39,0.0381,CenterPoint,18.5,0.0912,0,Municipal_CityOfHouston,16.8,6.45
77034,48201,Harris,1.0,0,CenterPoint,4.39,0.0381,CenterPoint,18.5,0.0912,0,Municipal_CityOfHouston,16.8,6.45
77035,48201,Harris,1.0,0,CenterPoint,4.39,0.0381,CenterPoint,18.5,0.0912,0,Municipal_CityOfHouston,16.8,6.45
77036,48201,Harris,1.0,0,CenterPoint,4.39,0.0381,CenterPoint,18.5,0.0912,0,Municipal_CityOfHouston,16.8,6.45
77037,48201,Harris,1.0,0,CenterPoint,4.39,0.0381,CenterPoint,18.5,0.0912,0,Municipal_CityOfHouston,16.8,6.45
77038,48201,Harris,1.0,0,CenterPoint,4.39,0.0381,CenterPoint,18.5,0.0912,0,Municipal_CityOfHouston,16.8,6.45
77039,48201,Harris,1.0,0,CenterPoint,4.39,0.0381,CenterPoint,18.5,0.0912,0,Municipal_CityOfHouston,16.8,6.45
77040,48201,Harris,1.0,0,CenterPoint,4.39,0.0381,CenterPoint,18.5,0.0912,0,Municipal_CityOfHouston,16.8,6.45
77041,48201,Harris,1.0,0,CenterPoint,4.39,0.0381,CenterPoint,18.5,0.0912,0,Municipal_CityOfHouston,16.8,6.45
77042,48201,Harris,1.0,0,CenterPoint,4.39,0.0381,CenterPoint,18.5,0.0912,0,Municipal_CityOfHouston,16.8,6.45
77043,48201,Harris,1.0,0,CenterPoint,4.39,0.0381,CenterPoint,18.5,0.0912,0,Municipal_CityOfHouston,16.8,6.45
77044,48201,Harris,1.0,1,CenterPoint,4.39,0.0381,CenterPoint,18.5,0.0985,1,Suburban_MUD,28.5,8.5
77045,48201,Harris,1.0,0,CenterPoint,4.39,0.0381,CenterPoint,18.5,0.0912,0,Municipal_CityOfHouston,16.8,6.45
77046,48201,Harris,1.0,0,CenterPoint,4.39,0.0381,CenterPoint,18.5,0.0912,0,Municipal_CityOfHouston,16.8,6.45
77047,48201,Harris,1.0,0,CenterPoint,4.39,0.0381,CenterPoint,18.5,0.0912,0,Municipal_CityOfHouston,16.8,6.45
77048,48201,Harris,1.0,0,CenterPoint,4.39,0.0381,CenterPoint,18.5,0.0912,0,Municipal_CityOfHouston,16.8,6.45
77049,48201,Harris,1.0,0,CenterPoint,4.39,0.0381,CenterPoint,18.5,0.0912,0,Municipal_CityOfHouston,16.8,6.45
77050,48201,Harris,1.0,0,CenterPoint,4.39,0.0381,CenterPoint,18.5,0.0912,0,Municipal_CityOfHouston,16.8,6.45
77051,48201,Harris,1.0,0,CenterPoint,4.39,0.0381,CenterPoint,18.5,0.0912,0,Municipal_CityOfHouston,16.8,6.45
77052,48201,Harris,1.0,0,CenterPoint,4.39,0.0381,CenterPoint,18.5,0.0912,0,Municipal_CityOfHouston,16.8,6.45
77053,48157,Fort Bend,0.55384010227161,1,CenterPoint,4.39,0.0381,CenterPoint,18.5,0.0985,1,Suburban_MUD,28.5,8.5
77054,48201,Harris,1.0,0,CenterPoint,4.39,0.0381,CenterPoint,18.5,0.0912,0,Municipal_CityOfHouston,16.8,6.45
77055,48201,Harris,1.0,0,CenterPoint,4.39,0.0381,CenterPoint,18.5,0.0912,0,Municipal_CityOfHouston,16.8,6.45
77056,48201,Harris,1.0,0,CenterPoint,4.39,0.0381,CenterPoint,18.5,0.0912,0,Municipal_CityOfHouston,16.8,6.45
77057,48201,Harris,1.0,0,CenterPoint,4.39,0.0381,CenterPoint,18.5,0.0912,0,Municipal_CityOfHouston,16.8,6.45
77058,48201,Harris,1.0,0,CenterPoint,4.39,0.0381,CenterPoint,18.5,0.0912,0,Municipal_CityOfHouston,16.8,6.45
77059,48201,Harris,1.0,0,CenterPoint,4.39,0.0381,CenterPoint,18.5,0.0912,0,Municipal_CityOfHouston,16.8,6.45
77060,48201,Harris,1.0,0,CenterPoint,4.39,0.0381,CenterPoint,18.5,0.0912,0,Municipal_CityOfHouston,16.8,6.45
77061,48201,Harris,1.0,0,CenterPoint,4.39,0.0381,CenterPoint,18.5,0.0912,0,Municipal_CityOfHouston,16.8,6.45
77062,48201,Harris,1.0,0,CenterPoint,4.39,0.0381,CenterPoint,18.5,0.0912,0,Municipal_CityOfHouston,16.8,6.45
77063,48201,Harris,1.0,0,CenterPoint,4.39,0.0381,CenterPoint,18.5,0.0912,0,Municipal_CityOfHouston,16.8,6.45
77064,48201,Harris,1.0,0,CenterPoint,4.39,0.0381,CenterPoint,18.5,0.0912,0,Municipal_CityOfHouston,16.8,6.45
77065,48201,Harris,1.0,0,CenterPoint,4.39,0.0381,CenterPoint,18.5,0.0912,0,Municipal_CityOfHouston,16.8,6.45
77066,48201,Harris,1.0,0,CenterPoint,4.39,0.0381,CenterPoint,18.5,0.0912,0,Municipal_CityOfHouston,16.8,6.45
77067,48201,Harris,1.0,0,CenterPoint,4.39,0.0381,CenterPoint,18.5,0.0912,0,Municipal_CityOfHouston,16.8,6.45
77068,48201,Harris,1.0,1,CenterPoint,4.39,0.0381,CenterPoint,18.5,0.0985,1,Suburban_MUD,28.5,8.5
77069,48201,Harris,1.0,1,CenterPoint,4.39,0.0381,CenterPoint,18.5,0.0985,1,Suburban_MUD,28.5,8.5
77070,48201,Harris,1.0,1,CenterPoint,4.39,0.0381,CenterPoint,18.5,0.0985,1,Suburban_MUD,28.5,8.5
77071,48201,Harris,1.0,0,CenterPoint,4.39,0.0381,CenterPoint,18.5,0.0912,0,Municipal_CityOfHouston,16.8,6.45
77072,48201,Harris,1.0,0,CenterPoint,4.39,0.0381,CenterPoint,18.5,0.0912,0,Municipal_CityOfHouston,16.8,6.45
77073,48201,Harris,1.0,1,CenterPoint,4.39,0.0381,CenterPoint,18.5,0.0985,1,Suburban_MUD,28.5,8.5
77074,48201,Harris,1.0,0,CenterPoint,4.39,0.0381,CenterPoint,18.5,0.0912,0,Municipal_CityOfHouston,16.8,6.45
77075,48201,Harris,1.0,0,CenterPoint,4.39,0.0381,CenterPoint,18.5,0.0912,0,Municipal_CityOfHouston,16.8,6.45
77076,48201,Harris,1.0,0,CenterPoint,4.39,0.0381,CenterPoint,18.5,0.0912,0,Municipal_CityOfHouston,16.8,6.45
77077,48201,Harris,1.0,0,CenterPoint,4.39,0.0381,CenterPoint,18.5,0.0912,0,Municipal_CityOfHouston,16.8,6.45
77078,48201,Harris,1.0,0,CenterPoint,4.39,0.0381,CenterPoint,18.5,0.0912,0,Municipal_CityOfHouston,16.8,6.45
77079,48201,Harris,1.0,0,CenterPoint,4.39,0.0381,CenterPoint,18.5,0.0912,0,Municipal_CityOfHouston,16.8,6.45
77080,48201,Harris,1.0,0,CenterPoint,4.39,0.0381,CenterPoint,18.5,0.0912,0,Municipal_CityOfHouston,16.8,6.45
77081,48201,Harris,1.0,0,CenterPoint,4.39,0.0381,CenterPoint,18.5,0.0912,0,Municipal_CityOfHouston,16.8,6.45
77082,48201,Harris,0.99935956450386,0,CenterPoint,4.39,0.0381,CenterPoint,18.5,0.0912,0,Municipal_CityOfHouston,16.8,6.45
77083,48201,Harris,0.60214597735273,1,CenterPoint,4.39,0.0381,CenterPoint,18.5,0.0985,1,Suburban_MUD,28.5,8.5
77084,48201,Harris,1.0,1,CenterPoint,4.39,0.0381,CenterPoint,18.5,0.0985,1,Suburban_MUD,28.5,8.5
77085,48201,Harris,0.96362153344209,0,CenterPoint,4.39,0.0381,CenterPoint,18.5,0.0912,0,Municipal_CityOfHouston,16.8,6.45
77086,48201,Harris,1.0,0,CenterPoint,4.39,0.0381,CenterPoint,18.5,0.0912,0,Municipal_CityOfHouston,16.8,6.45
77087,48201,Harris,1.0,0,CenterPoint,4.39,0.0381,CenterPoint,18.5,0.0912,0,Municipal_CityOfHouston,16.8,6.45
77088,48201,Harris,1.0,0,CenterPoint,4.39,0.0381,CenterPoint,18.5,0.0912,0,Municipal_CityOfHouston,16.8,6.45
77089,48201,Harris,1.0,0,CenterPoint,4.39,0.0381,CenterPoint,18.5,0.0912,0,Municipal_CityOfHouston,16.8,6.45
77090,48201,Harris,1.0,1,CenterPoint,4.39,0.0381,CenterPoint,18.5,0.0985,1,Suburban_MUD,28.5,8.5
77091,48201,Harris,1.0,0,CenterPoint,4.39,0.0381,CenterPoint,18.5,0.0912,0,Municipal_CityOfHouston,16.8,6.45
77092,48201,Harris,1.0,0,CenterPoint,4.39,0.0381,CenterPoint,18.5,0.0912,0,Municipal_CityOfHouston,16.8,6.45
77093,48201,Harris,1.0,0,CenterPoint,4.39,0.0381,CenterPoint,18.5,0.0912,0,Municipal_CityOfHouston,16.8,6.45
77094,48201,Harris,1.0,0,CenterPoint,4.39,0.0381,CenterPoint,18.5,0.0912,0,Municipal_CityOfHouston,16.8,6.45
77095,48201,Harris,1.0,1,CenterPoint,4.39,0.0381,CenterPoint,18.5,0.0985,1,Suburban_MUD,28.5,8.5
77096,48201,Harris,1.0,0,CenterPoint,4.39,0.0381,CenterPoint,18.5,0.0912,0,Municipal_CityOfHouston,16.8,6.45
77098,48201,Harris,1.0,0,CenterPoint,4.39,0.0381,CenterPoint,18.5,0.0912,0,Municipal_CityOfHouston,16.8,6.45
77099,48201,Harris,0.94822722495713,0,CenterPoint,4.39,0.0381,CenterPoint,18.5,0.0912,0,Municipal_CityOfHouston,16.8,6.45
77204,48201,Harris,0.0,0,CenterPoint,4.39,0.0381,CenterPoint,18.5,0.0912,0,Municipal_CityOfHouston,16.8,6.45
77205,48201,Harris,1.0,0,CenterPoint,4.39,0.0381,CenterPoint,18.5,0.0912,0,Municipal_CityOfHouston,16.8,6.45
77206,48201,Harris,1.0,0,CenterPoint,4.39,0.0381,CenterPoint,18.5,0.0912,0,Municipal_CityOfHouston,16.8,6.45
77207,48201,Harris,1.0,0,CenterPoint,4.39,0.0381,CenterPoint,18.5,0.0912,0,Municipal_CityOfHouston,16.8,6.45
77208,48201,Harris,1.0,0,CenterPoint,4.39,0.0381,CenterPoint,18.5,0.0912,0,Municipal_CityOfHouston,16.8,6.45
77210,48201,Harris,1.0,0,CenterPoint,4.39,0.0381,CenterPoint,18.5,0.0912,0,Municipal_CityOfHouston,16.8,6.45
77215,48201,Harris,1.0,0,CenterPoint,4.39,0.0381,CenterPoint,18.5,0.0912,0,Municipal_CityOfHouston,16.8,6.45
77217,48201,Harris,1.0,0,CenterPoint,4.39,0.0381,CenterPoint,18.5,0.0912,0,Municipal_CityOfHouston,16.8,6.45
77218,48201,Harris,1.0,0,CenterPoint,4.39,0.0381,CenterPoint,18.5,0.0912,0,Municipal_CityOfHouston,16.8,6.45
77219,48201,Harris,1.0,0,CenterPoint,4.39,0.0381,CenterPoint,18.5,0.0912,0,Municipal_CityOfHouston,16.8,6.45
77220,48201,Harris,1.0,0,CenterPoint,4.39,0.0381,CenterPoint,18.5,0.0912,0,Municipal_CityOfHouston,16.8,6.45
77221,48201,Harris,1.0,0,CenterPoint,4.39,0.0381,CenterPoint,18.5,0.0912,0,Municipal_CityOfHouston,16.8,6.45
77222,48201,Harris,1.0,0,CenterPoint,4.39,0.0381,CenterPoint,18.5,0.0912,0,Municipal_CityOfHouston,16.8,6.45
77223,48201,Harris,1.0,0,CenterPoint,4.39,0.0381,CenterPoint,18.5,0.0912,0,Municipal_CityOfHouston,16.8,6.45
77224,48201,Harris,1.0,0,CenterPoint,4.39,0.0381,CenterPoint,18.5,0.0912,0,Municipal_CityOfHouston,16.8,6.45
77225,48201,Harris,1.0,0,CenterPoint,4.39,0.0381,CenterPoint,18.5,0.0912,0,Municipal_CityOfHouston,16.8,6.45
77226,48201,Harris,1.0,0,CenterPoint,4.39,0.0381,CenterPoint,18.5,0.0912,0,Municipal_CityOfHouston,16.8,6.45
77227,48201,Harris,1.0,0,CenterPoint,4.39,0.0381,CenterPoint,18.5,0.0912,0,Municipal_CityOfHouston,16.8,6.45
77228,48201,Harris,1.0,0,CenterPoint,4.39,0.0381,CenterPoint,18.5,0.0912,0,Municipal_CityOfHouston,16.8,6.45
77230,48201,Harris,1.0,0,CenterPoint,4.39,0.0381,CenterPoint,18.5,0.0912,0,Municipal_CityOfHouston,16.8,6.45
77231,48201,Harris,1.0,0,CenterPoint,4.39,0.0381,CenterPoint,18.5,0.0912,0,Municipal_CityOfHouston,16.8,6.45
77233,48201,Harris,1.0,0,CenterPoint,4.39,0.0381,CenterPoint,18.5,0.0912,0,Municipal_CityOfHouston,16.8,6.45
77234,48201,Harris,1.0,0,CenterPoint,4.39,0.0381,CenterPoint,18.5,0.0912,0,Municipal_CityOfHouston,16.8,6.45
77235,48201,Harris,1.0,0,CenterPoint,4.39,0.0381,CenterPoint,18.5,0.0912,0,Municipal_CityOfHouston,16.8,6.45
77236,48201,Harris,1.0,0,CenterPoint,4.39,0.0381,CenterPoint,18.5,0.0912,0,Municipal_CityOfHouston,16.8,6.45
77237,48201,Harris,1.0,0,CenterPoint,4.39,0.0381,CenterPoint,18.5,0.0912,0,Municipal_CityOfHouston,16.8,6.45
77238,48201,Harris,1.0,0,CenterPoint,4.39,0.0381,CenterPoint,18.5,0.0912,0,Municipal_CityOfHouston,16.8,6.45
77240,48201,Harris,1.0,0,CenterPoint,4.39,0.0381,CenterPoint,18.5,0.0912,0,Municipal_CityOfHouston,16.8,6.45
77241,48201,Harris,1.0,0,CenterPoint,4.39,0.0381,CenterPoint,18.5,0.0912,0,Municipal_CityOfHouston,16.8,6.45
77242,48201,Harris,1.0,0,CenterPoint,4.39,0.0381,CenterPoint,18.5,0.0912,0,Municipal_CityOfHouston,16.8,6.45
77243,48201,Harris,1.0,0,CenterPoint,4.39,0.0381,CenterPoint,18.5,0.0912,0,Municipal_CityOfHouston,16.8,6.45
77244,48201,Harris,1.0,0,CenterPoint,4.39,0.0381,CenterPoint,18.5,0.0912,0,Municipal_CityOfHouston,16.8,6.45
77245,48201,Harris,1.0,0,CenterPoint,4.39,0.0381,CenterPoint,18.5,0.0912,0,Municipal_CityOfHouston,16.8,6.45
77248,48201,Harris,1.0,0,CenterPoint,4.39,0.0381,CenterPoint,18.5,0.0912,0,Municipal_CityOfHouston,16.8,6.45
77249,48201,Harris,1.0,0,CenterPoint,4.39,0.0381,CenterPoint,18.5,0.0912,0,Municipal_CityOfHouston,16.8,6.45
77251,48201,Harris,1.0,0,CenterPoint,4.39,0.0381,CenterPoint,18.5,0.0912,0,Municipal_CityOfHouston,16.8,6.45
77252,48201,Harris,1.0,0,CenterPoint,4.39,0.0381,CenterPoint,18.5,0.0912,0,Municipal_CityOfHouston,16.8,6.45
77253,48201,Harris,1.0,0,CenterPoint,4.39,0.0381,CenterPoint,18.5,0.0912,0,Municipal_CityOfHouston,16.8,6.45
77254,48201,Harris,1.0,0,CenterPoint,4.39,0.0381,CenterPoint,18.5,0.0912,0,Municipal_CityOfHouston,16.8,6.45
77255,48201,Harris,1.0,0,CenterPoint,4.39,0.0381,CenterPoint,18.5,0.0912,0,Municipal_CityOfHouston,16.8,6.45
77256,48201,Harris,1.0,0,CenterPoint,4.39,0.0381,CenterPoint,18.5,0.0912,0,Municipal_CityOfHouston,16.8,6.45
77257,48201,Harris,1.0,0,CenterPoint,4.39,0.0381,CenterPoint,18.5,0.0912,0,Municipal_CityOfHouston,16.8,6.45
77258,48201,Harris,1.0,0,CenterPoint,4.39,0.0381,CenterPoint,18.5,0.0912,0,Municipal_CityOfHouston,16.8,6.45
77259,48201,Harris,1.0,0,CenterPoint,4.39,0.0381,CenterPoint,18.5,0.0912,0,Municipal_CityOfHouston,16.8,6.45
77261,48201,Harris,1.0,0,CenterPoint,4.39,0.0381,CenterPoint,18.5,0.0912,0,Municipal_CityOfHouston,16.8,6.45
77262,48201,Harris,1.0,0,CenterPoint,4.39,0.0381,CenterPoint,18.5,0.0912,0,Municipal_CityOfHouston,16.8,6.45
77263,48201,Harris,1.0,0,CenterPoint,4.39,0.0381,CenterPoint,18.5,0.0912,0,Municipal_CityOfHouston,16.8,6.45
77265,48201,Harris,1.0,0,CenterPoint,4.39,0.0381,CenterPoint,18.5,0.0912,0,Municipal_CityOfHouston,16.8,6.45
77266,48201,Harris,1.0,0,CenterPoint,4.39,0.0381,CenterPoint,18.5,0.0912,0,Municipal_CityOfHouston,16.8,6.45
77267,48201,Harris,1.0,0,CenterPoint,4.39,0.0381,CenterPoint,18.5,0.0912,0,Municipal_CityOfHouston,16.8,6.45
77268,48201,Harris,1.0,0,CenterPoint,4.39,0.0381,CenterPoint,18.5,0.0912,0,Municipal_CityOfHouston,16.8,6.45
77269,48201,Harris,1.0,0,CenterPoint,4.39,0.0381,CenterPoint,18.5,0.0912,0,Municipal_CityOfHouston,16.8,6.45
77270,48201,Harris,1.0,0,CenterPoint,4.39,0.0381,CenterPoint,18.5,0.0912,0,Municipal_CityOfHouston,16.8,6.45
77271,48201,Harris,1.0,0,CenterPoint,4.39,0.0381,CenterPoint,18.5,0.0912,0,Municipal_CityOfHouston,16.8,6.45
77272,48201,Harris,1.0,0,CenterPoint,4.39,0.0381,CenterPoint,18.5,0.0912,0,Municipal_CityOfHouston,16.8,6.45
77273,48201,Harris,1.0,0,CenterPoint,4.39,0.0381,CenterPoint,18.5,0.0912,0,Municipal_CityOfHouston,16.8,6.45
77274,48201,Harris,1.0,0,CenterPoint,4.39,0.0381,CenterPoint,18.5,0.0912,0,Municipal_CityOfHouston,16.8,6.45
77275,48201,Harris,1.0,0,CenterPoint,4.39,0.0381,CenterPoint,18.5,0.0912,0,Municipal_CityOfHouston,16.8,6.45
77277,48201,Harris,1.0,0,CenterPoint,4.39,0.0381,CenterPoint,18.5,0.0912,0,Municipal_CityOfHouston,16.8,6.45
77279,48201,Harris,1.0,0,CenterPoint,4.39,0.0381,CenterPoint,18.5,0.0912,0,Municipal_CityOfHouston,16.8,6.45
77280,48201,Harris,1.0,0,CenterPoint,4.39,0.0381,CenterPoint,18.5,0.0912,0,Municipal_CityOfHouston,16.8,6.45
77282,48201,Harris,1.0,0,CenterPoint,4.39,0.0381,CenterPoint,18.5,0.0912,0,Municipal_CityOfHouston,16.8,6.45
77284,48201,Harris,1.0,0,CenterPoint,4.39,0.0381,CenterPoint,18.5,0.0912,0,Municipal_CityOfHouston,16.8,6.45
77287,48201,Harris,1.0,0,CenterPoint,4.39,0.0381,CenterPoint,18.5,0.0912,0,Municipal_CityOfHouston,16.8,6.45
77288,48201,Harris,1.0,0,CenterPoint,4.39,0.0381,CenterPoint,18.5,0.0912,0,Municipal_CityOfHouston,16.8,6.45
77289,48201,Harris,1.0,0,CenterPoint,4.39,0.0381,CenterPoint,18.5,0.0912,0,Municipal_CityOfHouston,16.8,6.45
77290,48201,Harris,1.0,0,CenterPoint,4.39,0.0381,CenterPoint,18.5,0.0912,0,Municipal_CityOfHouston,16.8,6.45
77291,48201,Harris,1.0,0,CenterPoint,4.39,0.0381,CenterPoint,18.5,0.0912,0,Municipal_CityOfHouston,16.8,6.45
77292,48201,Harris,1.0,0,CenterPoint,4.39,0.0381,CenterPoint,18.5,0.0912,0,Municipal_CityOfHouston,16.8,6.45
77293,48201,Harris,1.0,0,CenterPoint,4.39,0.0381,CenterPoint,18.5,0.0912,0,Municipal_CityOfHouston,16.8,6.45
77315,48201,Harris,0.0,0,CenterPoint,4.39,0.0381,CenterPoint,18.5,0.0912,0,Municipal_CityOfHouston,16.8,6.45
77325,48201,Harris,1.0,0,CenterPoint,4.39,0.0381,CenterPoint,18.5,0.0912,0,Municipal_CityOfHouston,16.8,6.45
77336,48201,Harris,1.0,1,CenterPoint,4.39,0.0381,CenterPoint,18.5,0.0985,1,Suburban_MUD,28.5,8.5
77338,48201,Harris,1.0,1,CenterPoint,4.39,0.0381,CenterPoint,18.5,0.0985,1,Suburban_MUD,28.5,8.5
77339,48201,Harris,0.67909699878686,1,CenterPoint,4.39,0.0381,CenterPoint,18.5,0.0985,1,Suburban_MUD,28.5,8.5
77345,48201,Harris,1.0,1,CenterPoint,4.39,0.0381,CenterPoint,18.5,0.0985,1,Suburban_MUD,28.5,8.5
77346,48201,Harris,1.0,1,CenterPoint,4.39,0.0381,CenterPoint,18.5,0.0985,1,Suburban_MUD,28.5,8.5
77347,48201,Harris,1.0,0,CenterPoint,4.39,0.0381,CenterPoint,18.5,0.0912,0,Municipal_CityOfHouston,16.8,6.45
77357,48201,Harris,0.013520496038581,0,CenterPoint,4.39,0.0381,CenterPoint,18.5,0.0912,0,Municipal_CityOfHouston,16.8,6.45
77365,48201,Harris,0.043918373931279,0,CenterPoint,4.39,0.0381,CenterPoint,18.5,0.0912,0,Municipal_CityOfHouston,16.8,6.45
77373,48201,Harris,1.0,1,CenterPoint,4.39,0.0381,CenterPoint,18.5,0.0985,1,Suburban_MUD,28.5,8.5
77375,48201,Harris,1.0,1,CenterPoint,4.39,0.0381,CenterPoint,18.5,0.0985,1,Suburban_MUD,28.5,8.5
77377,48201,Harris,1.0,1,CenterPoint,4.39,0.0381,CenterPoint,18.5,0.0985,1,Suburban_MUD,28.5,8.5
77379,48201,Harris,1.0,1,CenterPoint,4.39,0.0381,CenterPoint,18.5,0.0985,1,Suburban_MUD,28.5,8.5
77383,48201,Harris,1.0,0,CenterPoint,4.39,0.0381,CenterPoint,18.5,0.0912,0,Municipal_CityOfHouston,16.8,6.45
77388,48201,Harris,1.0,1,CenterPoint,4.39,0.0381,CenterPoint,18.5,0.0985,1,Suburban_MUD,28.5,8.5
77389,48201,Harris,1.0,1,CenterPoint,4.39,0.0381,CenterPoint,18.5,0.0985,1,Suburban_MUD,28.5,8.5
77391,48201,Harris,1.0,0,CenterPoint,4.39,0.0381,CenterPoint,18.5,0.0912,0,Municipal_CityOfHouston,16.8,6.45
77396,48201,Harris,1.0,1,CenterPoint,4.39,0.0381,CenterPoint,18.5,0.0985,1,Suburban_MUD,28.5,8.5
77401,48201,Harris,1.0,0,CenterPoint,4.39,0.0381,CenterPoint,18.5,0.0912,0,Municipal_CityOfHouston,16.8,6.45
77402,48201,Harris,1.0,0,CenterPoint,4.39,0.0381,CenterPoint,18.5,0.0912,0,Municipal_CityOfHouston,16.8,6.45
77406,48157,Fort Bend,1.0,1,CenterPoint,4.39,0.0381,CenterPoint,18.5,0.0985,1,Suburban_MUD,28.5,8.5
77407,48157,Fort Bend,1.0,1,CenterPoint,4.39,0.0381,CenterPoint,18.5,0.0985,1,Suburban_MUD,28.5,8.5
77410,48201,Harris,1.0,0,CenterPoint,4.39,0.0381,CenterPoint,18.5,0.0912,0,Municipal_CityOfHouston,16.8,6.45
77411,48201,Harris,1.0,0,CenterPoint,4.39,0.0381,CenterPoint,18.5,0.0912,0,Municipal_CityOfHouston,16.8,6.45
77413,48201,Harris,1.0,0,CenterPoint,4.39,0.0381,CenterPoint,18.5,0.0912,0,Municipal_CityOfHouston,16.8,6.45
77417,48157,Fort Bend,1.0,1,CenterPoint,4.39,0.0381,CenterPoint,18.5,0.0985,1,Suburban_MUD,28.5,8.5
77420,48157,Fort Bend,0.0083270249810749,1,CenterPoint,4.39,0.0381,CenterPoint,18.5,0.0985,1,Suburban_MUD,28.5,8.5
77423,48157,Fort Bend,0.24211749087288,1,CenterPoint,4.39,0.0381,CenterPoint,18.5,0.0985,1,Suburban_MUD,28.5,8.5
77429,48201,Harris,1.0,1,CenterPoint,4.39,0.0381,CenterPoint,18.5,0.0985,1,Suburban_MUD,28.5,8.5
77430,48157,Fort Bend,0.43464730290456,1,CenterPoint,4.39,0.0381,CenterPoint,18.5,0.0985,1,Suburban_MUD,28.5,8.5
77433,48201,Harris,1.0,1,CenterPoint,4.39,0.0381,CenterPoint,18.5,0.0985,1,Suburban_MUD,28.5,8.5
77435,48157,Fort Bend,0.096168294515402,1,CenterPoint,4.39,0.0381,CenterPoint,18.5,0.0985,1,Suburban_MUD,28.5,8.5
77441,48157,Fort Bend,1.0,1,CenterPoint,4.39,0.0381,CenterPoint,18.5,0.0985,1,Suburban_MUD,28.5,8.5
77444,48157,Fort Bend,0.68705035971223,1,CenterPoint,4.39,0.0381,CenterPoint,18.5,0.0985,1,Suburban_MUD,28.5,8.5
77445,48201,Harris,0.0011336583153837,0,CenterPoint,4.39,0.0381,CenterPoint,18.5,0.0912,0,Municipal_CityOfHouston,16.8,6.45
77447,48201,Harris,0.70734712738101,0,CenterPoint,4.39,0.0381,CenterPoint,18.5,0.0912,0,Municipal_CityOfHouston,16.8,6.45
77449,48201,Harris,1.0,1,CenterPoint,4.39,0.0381,CenterPoint,18.5,0.0985,1,Suburban_MUD,28.5,8.5
77450,48201,Harris,0.71621621621622,1,CenterPoint,4.39,0.0381,CenterPoint,18.5,0.0985,1,Suburban_MUD,28.5,8.5
77451,48157,Fort Bend,1.0,1,CenterPoint,4.39,0.0381,CenterPoint,18.5,0.0985,1,Suburban_MUD,28.5,8.5
77459,48157,Fort Bend,1.0,1,CenterPoint,4.39,0.0381,CenterPoint,18.5,0.0985,1,Suburban_MUD,28.5,8.5
77461,48157,Fort Bend,1.0,1,CenterPoint,4.39,0.0381,CenterPoint,18.5,0.0985,1,Suburban_MUD,28.5,8.5
77464,48157,Fort Bend,0.0,1,CenterPoint,4.39,0.0381,CenterPoint,18.5,0.0985,1,Suburban_MUD,28.5,8.5
77469,48157,Fort Bend,1.0,1,CenterPoint,4.39,0.0381,CenterPoint,18.5,0.0985,1,Suburban_MUD,28.5,8.5
77471,48157,Fort Bend,1.0,1,CenterPoint,4.39,0.0381,CenterPoint,18.5,0.0985,1,Suburban_MUD,28.5,8.5
77476,48157,Fort Bend,0.0,1,CenterPoint,4.39,0.0381,CenterPoint,18.5,0.0985,1,Suburban_MUD,28.5,8.5
77477,48157,Fort Bend,0.89659813999021,1,CenterPoint,4.39,0.0381,CenterPoint,18.5,0.0985,1,Suburban_MUD,28.5,8.5
77478,48157,Fort Bend,1.0,1,CenterPoint,4.39,0.0381,CenterPoint,18.5,0.0985,1,Suburban_MUD,28.5,8.5
77479,48157,Fort Bend,1.0,1,CenterPoint,4.39,0.0381,CenterPoint,18.5,0.0985,1,Suburban_MUD,28.5,8.5
77481,48157,Fort Bend,1.0,1,CenterPoint,4.39,0.0381,CenterPoint,18.5,0.0985,1,Suburban_MUD,28.5,8.5
77484,48201,Harris,0.39546619673182,1,CenterPoint,4.39,0.0381,CenterPoint,18.5,0.0985,1,Suburban_MUD,28.5,8.5
77485,48157,Fort Bend,0.38038147138965,1,CenterPoint,4.39,0.0381,CenterPoint,18.5,0.0985,1,Suburban_MUD,28.5,8.5
77487,48157,Fort Bend,1.0,1,CenterPoint,4.39,0.0381,CenterPoint,18.5,0.0985,1,Suburban_MUD,28.5,8.5
77489,48157,Fort Bend,0.97169462715246,1,CenterPoint,4.39,0.0381,CenterPoint,18.5,0.0985,1,Suburban_MUD,28.5,8.5
77491,48201,Harris,1.0,0,CenterPoint,4.39,0.0381,CenterPoint,18.5,0.0912,0,Municipal_CityOfHouston,16.8,6.45
77492,48201,Harris,1.0,0,CenterPoint,4.39,0.0381,CenterPoint,18.5,0.0912,0,Municipal_CityOfHouston,16.8,6.45
77493,48201,Harris,0.81695416917172,1,CenterPoint,4.39,0.0381,CenterPoint,18.5,0.0985,1,Suburban_MUD,28.5,8.5
77494,48157,Fort Bend,0.83351475114481,1,CenterPoint,4.39,0.0381,CenterPoint,18.5,0.0985,1,Suburban_MUD,28.5,8.5
77496,48157,Fort Bend,1.0,1,CenterPoint,4.39,0.0381,CenterPoint,18.5,0.0985,1,Suburban_MUD,28.5,8.5
77497,48157,Fort Bend,1.0,1,CenterPoint,4.39,0.0381,CenterPoint,18.5,0.0985,1,Suburban_MUD,28.5,8.5
77498,48157,Fort Bend,1.0,1,CenterPoint,4.39,0.0381,CenterPoint,18.5,0.0985,1,Suburban_MUD,28.5,8.5
77501,48201,Harris,1.0,0,CenterPoint,4.39,0.0381,CenterPoint,18.5,0.0912,0,Municipal_CityOfHouston,16.8,6.45
77502,48201,Harris,1.0,0,CenterPoint,4.39,0.0381,CenterPoint,18.5,0.0912,0,Municipal_CityOfHouston,16.8,6.45
77503,48201,Harris,1.0,0,CenterPoint,4.39,0.0381,CenterPoint,18.5,0.0912,0,Municipal_CityOfHouston,16.8,6.45
77504,48201,Harris,1.0,0,CenterPoint,4.39,0.0381,CenterPoint,18.5,0.0912,0,Municipal_CityOfHouston,16.8,6.45
77505,48201,Harris,1.0,0,CenterPoint,4.39,0.0381,CenterPoint,18.5,0.0912,0,Municipal_CityOfHouston,16.8,6.45
77506,48201,Harris,1.0,0,CenterPoint,4.39,0.0381,CenterPoint,18.5,0.0912,0,Municipal_CityOfHouston,16.8,6.45
77507,48201,Harris,1.0,0,CenterPoint,4.39,0.0381,CenterPoint,18.5,0.0912,0,Municipal_CityOfHouston,16.8,6.45
77508,48201,Harris,1.0,0,CenterPoint,4.39,0.0381,CenterPoint,18.5,0.0912,0,Municipal_CityOfHouston,16.8,6.45
77510,48167,Galveston,0.99819106840023,1,TNMP,7.85,0.0462,CenterPoint,18.5,0.0985,1,Suburban_MUD,28.5,8.5
77511,48167,Galveston,0.059092642012962,1,TNMP,7.85,0.0462,CenterPoint,18.5,0.0985,1,Suburban_MUD,28.5,8.5
77517,48167,Galveston,0.99865555256789,1,TNMP,7.85,0.0462,CenterPoint,18.5,0.0985,1,Suburban_MUD,28.5,8.5
77518,48167,Galveston,1.0,1,TNMP,7.85,0.0462,CenterPoint,18.5,0.0985,1,Suburban_MUD,28.5,8.5
77520,48201,Harris,1.0,0,CenterPoint,4.39,0.0381,CenterPoint,18.5,0.0912,0,Municipal_CityOfHouston,16.8,6.45
77521,48201,Harris,0.949278545602,0,CenterPoint,4.39,0.0381,CenterPoint,18.5,0.0912,0,Municipal_CityOfHouston,16.8,6.45
77522,48201,Harris,1.0,0,CenterPoint,4.39,0.0381,CenterPoint,18.5,0.0912,0,Municipal_CityOfHouston,16.8,6.45
77523,48201,Harris,0.054892444910808,0,CenterPoint,4.39,0.0381,CenterPoint,18.5,0.0912,0,Municipal_CityOfHouston,16.8,6.45
77530,48201,Harris,1.0,0,CenterPoint,4.39,0.0381,CenterPoint,18.5,0.0912,0,Municipal_CityOfHouston,16.8,6.45
77532,48201,Harris,1.0,0,CenterPoint,4.39,0.0381,CenterPoint,18.5,0.0912,0,Municipal_CityOfHouston,16.8,6.45
77536,48201,Harris,1.0,0,CenterPoint,4.39,0.0381,CenterPoint,18.5,0.0912,0,Municipal_CityOfHouston,16.8,6.45
77539,48167,Galveston,1.0,1,TNMP,7.85,0.0462,CenterPoint,18.5,0.0985,1,Suburban_MUD,28.5,8.5
77545,48157,Fort Bend,0.99151882302034,1,CenterPoint,4.39,0.0381,CenterPoint,18.5,0.0985,1,Suburban_MUD,28.5,8.5
77546,48167,Galveston,0.56724531749657,1,TNMP,7.85,0.0462,CenterPoint,18.5,0.0985,1,Suburban_MUD,28.5,8.5
77547,48201,Harris,1.0,0,CenterPoint,4.39,0.0381,CenterPoint,18.5,0.0912,0,Municipal_CityOfHouston,16.8,6.45
77549,48167,Galveston,1.0,1,TNMP,7.85,0.0462,CenterPoint,18.5,0.0985,1,Suburban_MUD,28.5,8.5
77550,48167,Galveston,1.0,1,TNMP,7.85,0.0462,CenterPoint,18.5,0.0985,1,Suburban_MUD,28.5,8.5
77551,48167,Galveston,1.0,1,TNMP,7.85,0.0462,CenterPoint,18.5,0.0985,1,Suburban_MUD,28.5,8.5
77552,48167,Galveston,1.0,1,TNMP,7.85,0.0462,CenterPoint,18.5,0.0985,1,Suburban_MUD,28.5,8.5
77553,48167,Galveston,1.0,1,TNMP,7.85,0.0462,CenterPoint,18.5,0.0985,1,Suburban_MUD,28.5,8.5
77554,48167,Galveston,1.0,1,TNMP,7.85,0.0462,CenterPoint,18.5,0.0985,1,Suburban_MUD,28.5,8.5
77555,48167,Galveston,0.0,1,TNMP,7.85,0.0462,CenterPoint,18.5,0.0985,1,Suburban_MUD,28.5,8.5
77562,48201,Harris,1.0,0,CenterPoint,4.39,0.0381,CenterPoint,18.5,0.0912,0,Municipal_CityOfHouston,16.8,6.45
77563,48167,Galveston,1.0,1,TNMP,7.85,0.0462,CenterPoint,18.5,0.0985,1,Suburban_MUD,28.5,8.5
77565,48167,Galveston,1.0,1,TNMP,7.85,0.0462,CenterPoint,18.5,0.0985,1,Suburban_MUD,28.5,8.5
77568,48167,Galveston,1.0,1,TNMP,7.85,0.0462,CenterPoint,18.5,0.0985,1,Suburban_MUD,28.5,8.5
77571,48201,Harris,1.0,0,CenterPoint,4.39,0.0381,CenterPoint,18.5,0.0912,0,Municipal_CityOfHouston,16.8,6.45
77572,48201,Harris,1.0,0,CenterPoint,4.39,0.0381,CenterPoint,18.5,0.0912,0,Municipal_CityOfHouston,16.8,6.45
77573,48167,Galveston,1.0,1,TNMP,7.85,0.0462,CenterPoint,18.5,0.0985,1,Suburban_MUD,28.5,8.5
77574,48167,Galveston,1.0,1,TNMP,7.85,0.0462,CenterPoint,18.5,0.0985,1,Suburban_MUD,28.5,8.5
77581,48201,Harris,0.089823734371797,0,CenterPoint,4.39,0.0381,CenterPoint,18.5,0.0912,0,Municipal_CityOfHouston,16.8,6.45
77583,48157,Fort Bend,0.27684308263695,1,CenterPoint,4.39,0.0381,CenterPoint,18.5,0.0985,1,Suburban_MUD,28.5,8.5
77584,48157,Fort Bend,0.057878503419606,1,CenterPoint,4.39,0.0381,CenterPoint,18.5,0.0985,1,Suburban_MUD,28.5,8.5
77586,48201,Harris,1.0,0,CenterPoint,4.39,0.0381,CenterPoint,18.5,0.0912,0,Municipal_CityOfHouston,16.8,6.45
77587,48201,Harris,1.0,0,CenterPoint,4.39,0.0381,CenterPoint,18.5,0.0912,0,Municipal_CityOfHouston,16.8,6.45
77590,48167,Galveston,1.0,1,TNMP,7.85,0.0462,CenterPoint,18.5,0.0985,1,Suburban_MUD,28.5,8.5
77591,48167,Galveston,1.0,1,TNMP,7.85,0.0462,CenterPoint,18.5,0.0985,1,Suburban_MUD,28.5,8.5
77592,48167,Galveston,1.0,1,TNMP,7.85,0.0462,CenterPoint,18.5,0.0985,1,Suburban_MUD,28.5,8.5
77598,48201,Harris,1.0,0,CenterPoint,4.39,0.0381,CenterPoint,18.5,0.0912,0,Municipal_CityOfHouston,16.8,6.45
77617,48167,Galveston,1.0,1,TNMP,7.85,0.0462,CenterPoint,18.5,0.0985,1,Suburban_MUD,28.5,8.5
77623,48167,Galveston,1.0,1,TNMP,7.85,0.0462,CenterPoint,18.5,0.0985,1,Suburban_MUD,28.5,8.5
77650,48167,Galveston,1.0,1,TNMP,7.85,0.0462,CenterPoint,18.5,0.0985,1,Suburban_MUD,28.5,8.5
